{
    "pools": [
      {
        "rolls": 1,
        "entries": [
          {
            "type": "minecraft:item",
            "name": "minecraft:nether_star",
            "functions": [
              {
                "function": "minecraft:set_count",
                "count": 1
              },
              {
                "function": "minecraft:set_name",
                "name": {
                  "translate": "ToDH.item.dragon_soul",
                  "color": "gold",
                  "bold": true,
                  "italic": false
                }
              },
              {
                "function": "minecraft:set_lore",
                "lore": [
                  {
                    "translate": "ToDH.item.dragon_soul.description",
                    "color": "white",
                    "bold": false,
                    "italic": false
                  }
                ]
              },
              {
                "function": "minecraft:set_nbt",
                "tag": "{dragon_soul:true,CustomModelData:1}"
              }
            ]
          }
        ]
      }
    ]
  }
  