{
	"credit": "Made with Blockbench",
	"texture_size": [64, 64],
	"textures": {
		"1": "item/skins/wooden_stake",
		"particle": "hay_block_side"
	},
	"elements": [
		{
			"from": [4, 23, 4],
			"to": [12, 31, 12],
			"rotation": {"angle": 0, "axis": "y", "origin": [4, 23, 4]},
			"faces": {
				"north": {"uv": [2, 3, 4, 5], "texture": "#1"},
				"east": {"uv": [0, 3, 2, 5], "texture": "#1"},
				"south": {"uv": [6, 3, 8, 5], "texture": "#1"},
				"west": {"uv": [4, 3, 6, 5], "texture": "#1"},
				"up": {"uv": [4, 3, 2, 1], "texture": "#1"},
				"down": {"uv": [6, 1, 4, 3], "texture": "#1"}
			}
		},
		{
			"from": [7, 0, 7],
			"to": [9, 24, 9],
			"rotation": {"angle": 0, "axis": "y", "origin": [7, 0, 7]},
			"faces": {
				"north": {"uv": [7.5, 5.5, 8, 11.5], "texture": "#1"},
				"east": {"uv": [7, 5.5, 7.5, 11.5], "texture": "#1"},
				"south": {"uv": [8.5, 5.5, 9, 11.5], "texture": "#1"},
				"west": {"uv": [8, 5.5, 8.5, 11.5], "texture": "#1"},
				"up": {"uv": [8, 5.5, 7.5, 5], "texture": "#1"},
				"down": {"uv": [8.5, 5, 8, 5.5], "texture": "#1"}
			}
		},
		{
			"from": [4.5, 11, 4.5],
			"to": [11.5, 22, 11.5],
			"rotation": {"angle": 0, "axis": "y", "origin": [4.5, 11, 4.5]},
			"faces": {
				"north": {"uv": [1.75, 6.75, 3.5, 9.5], "texture": "#1"},
				"east": {"uv": [0, 6.75, 1.75, 9.5], "texture": "#1"},
				"south": {"uv": [5.25, 6.75, 7, 9.5], "texture": "#1"},
				"west": {"uv": [3.5, 6.75, 5.25, 9.5], "texture": "#1"},
				"up": {"uv": [3.5, 6.75, 1.75, 5], "texture": "#1"},
				"down": {"uv": [5.25, 5, 3.5, 6.75], "texture": "#1"}
			}
		},
		{
			"from": [4.5, 7, 3.5],
			"to": [4.5, 12, 12.5],
			"rotation": {"angle": -22.5, "axis": "z", "origin": [4.5, 12, 7]},
			"faces": {
				"north": {"uv": [2.25, 9.5, 2.25, 10.75], "texture": "#1"},
				"east": {"uv": [0, 9.5, 2.25, 10.75], "texture": "#1"},
				"south": {"uv": [4.5, 9.5, 4.5, 10.75], "texture": "#1"},
				"west": {"uv": [2.25, 9.5, 4.5, 10.75], "texture": "#1"},
				"up": {"uv": [2.25, 9.5, 2.25, 7.25], "texture": "#1"},
				"down": {"uv": [2.25, 7.25, 2.25, 9.5], "texture": "#1"}
			}
		},
		{
			"from": [11.5, 7, 3.5],
			"to": [11.5, 12, 12.5],
			"rotation": {"angle": 22.5, "axis": "z", "origin": [11.5, 12, 7]},
			"faces": {
				"north": {"uv": [2.25, 9.5, 2.25, 10.75], "texture": "#1"},
				"east": {"uv": [0, 9.5, 2.25, 10.75], "texture": "#1"},
				"south": {"uv": [4.5, 9.5, 4.5, 10.75], "texture": "#1"},
				"west": {"uv": [2.25, 9.5, 4.5, 10.75], "texture": "#1"},
				"up": {"uv": [2.25, 9.5, 2.25, 7.25], "texture": "#1"},
				"down": {"uv": [2.25, 7.25, 2.25, 9.5], "texture": "#1"}
			}
		},
		{
			"from": [3.5, 7, 11.5],
			"to": [12.5, 12, 11.5],
			"rotation": {"angle": -22.5, "axis": "x", "origin": [8, 12, 11.5]},
			"faces": {
				"north": {"uv": [8, 3, 10.25, 4.25], "texture": "#1"},
				"east": {"uv": [8, 3, 8, 4.25], "texture": "#1"},
				"south": {"uv": [10.25, 3, 12.5, 4.25], "texture": "#1"},
				"west": {"uv": [10.25, 3, 10.25, 4.25], "texture": "#1"},
				"up": {"uv": [10.25, 3, 8, 3], "texture": "#1"},
				"down": {"uv": [12.5, 3, 10.25, 3], "texture": "#1"}
			}
		},
		{
			"from": [3.5, 7, 4.5],
			"to": [12.5, 12, 4.5],
			"rotation": {"angle": 22.5, "axis": "x", "origin": [8, 12, 4.5]},
			"faces": {
				"north": {"uv": [8, 3, 10.25, 4.25], "texture": "#1"},
				"east": {"uv": [8, 3, 8, 4.25], "texture": "#1"},
				"south": {"uv": [10.25, 3, 12.5, 4.25], "texture": "#1"},
				"west": {"uv": [10.25, 3, 10.25, 4.25], "texture": "#1"},
				"up": {"uv": [10.25, 3, 8, 3], "texture": "#1"},
				"down": {"uv": [12.5, 3, 10.25, 3], "texture": "#1"}
			}
		},
		{
			"from": [4.5, 21, 3.5],
			"to": [4.5, 26, 12.5],
			"rotation": {"angle": 22.5, "axis": "z", "origin": [4.5, 21, 7]},
			"faces": {
				"north": {"uv": [2.25, 10.75, 2.25, 12], "texture": "#1"},
				"east": {"uv": [0, 10.75, 2.25, 12], "texture": "#1"},
				"south": {"uv": [4.5, 10.75, 4.5, 12], "texture": "#1"},
				"west": {"uv": [2.25, 10.75, 4.5, 12], "texture": "#1"},
				"up": {"uv": [2.25, 10.75, 2.25, 8.5], "texture": "#1"},
				"down": {"uv": [2.25, 8.5, 2.25, 10.75], "texture": "#1"}
			}
		},
		{
			"from": [11.5, 21, 3.5],
			"to": [11.5, 26, 12.5],
			"rotation": {"angle": -22.5, "axis": "z", "origin": [11.5, 21, 7]},
			"faces": {
				"north": {"uv": [2.25, 10.75, 2.25, 12], "texture": "#1"},
				"east": {"uv": [0, 10.75, 2.25, 12], "texture": "#1"},
				"south": {"uv": [4.5, 10.75, 4.5, 12], "texture": "#1"},
				"west": {"uv": [2.25, 10.75, 4.5, 12], "texture": "#1"},
				"up": {"uv": [2.25, 10.75, 2.25, 8.5], "texture": "#1"},
				"down": {"uv": [2.25, 8.5, 2.25, 10.75], "texture": "#1"}
			}
		},
		{
			"from": [3.5, 21, 11.5],
			"to": [12.5, 26, 11.5],
			"rotation": {"angle": 22.5, "axis": "x", "origin": [8, 21, 11.5]},
			"faces": {
				"north": {"uv": [9, 5.5, 11.25, 6.75], "texture": "#1"},
				"east": {"uv": [9, 5.5, 9, 6.75], "texture": "#1"},
				"south": {"uv": [11.25, 5.5, 13.5, 6.75], "texture": "#1"},
				"west": {"uv": [11.25, 5.5, 11.25, 6.75], "texture": "#1"},
				"up": {"uv": [11.25, 5.5, 9, 5.5], "texture": "#1"},
				"down": {"uv": [13.5, 5.5, 11.25, 5.5], "texture": "#1"}
			}
		},
		{
			"from": [3.5, 21, 4.5],
			"to": [12.5, 26, 4.5],
			"rotation": {"angle": -22.5, "axis": "x", "origin": [8, 21, 4.5]},
			"faces": {
				"north": {"uv": [9, 5.5, 11.25, 6.75], "texture": "#1"},
				"east": {"uv": [9, 5.5, 9, 6.75], "texture": "#1"},
				"south": {"uv": [11.25, 5.5, 13.5, 6.75], "texture": "#1"},
				"west": {"uv": [11.25, 5.5, 11.25, 6.75], "texture": "#1"},
				"up": {"uv": [11.25, 5.5, 9, 5.5], "texture": "#1"},
				"down": {"uv": [13.5, 5.5, 11.25, 5.5], "texture": "#1"}
			}
		},
		{
			"from": [-5, 17, 7],
			"to": [21, 19, 9],
			"rotation": {"angle": 0, "axis": "y", "origin": [-5, 17, 7]},
			"faces": {
				"north": {"uv": [0.5, 0.5, 7, 1], "texture": "#1"},
				"east": {"uv": [0, 0.5, 0.5, 1], "texture": "#1"},
				"south": {"uv": [7.5, 0.5, 14, 1], "texture": "#1"},
				"west": {"uv": [7, 0.5, 7.5, 1], "texture": "#1"},
				"up": {"uv": [7, 0.5, 0.5, 0], "texture": "#1"},
				"down": {"uv": [13.5, 0, 7, 0.5], "texture": "#1"}
			}
		},
		{
			"from": [-3.5, 16.5, 6.5],
			"to": [2.5, 19.5, 9.5],
			"rotation": {"angle": 0, "axis": "y", "origin": [-3.5, 16.5, 6.5]},
			"faces": {
				"north": {"uv": [8.5, 2.25, 10, 3], "texture": "#1"},
				"east": {"uv": [7.75, 2.25, 8.5, 3], "texture": "#1"},
				"south": {"uv": [10.75, 2.25, 12.25, 3], "texture": "#1"},
				"west": {"uv": [10, 2.25, 10.75, 3], "texture": "#1"},
				"up": {"uv": [10, 2.25, 8.5, 1.5], "texture": "#1"},
				"down": {"uv": [11.5, 1.5, 10, 2.25], "texture": "#1"}
			}
		},
		{
			"from": [13.5, 16.5, 6.5],
			"to": [19.5, 19.5, 9.5],
			"rotation": {"angle": 0, "axis": "y", "origin": [13.5, 16.5, 6.5]},
			"faces": {
				"north": {"uv": [8.5, 2.25, 10, 3], "texture": "#1"},
				"east": {"uv": [7.75, 2.25, 8.5, 3], "texture": "#1"},
				"south": {"uv": [10.75, 2.25, 12.25, 3], "texture": "#1"},
				"west": {"uv": [10, 2.25, 10.75, 3], "texture": "#1"},
				"up": {"uv": [10, 2.25, 8.5, 1.5], "texture": "#1"},
				"down": {"uv": [11.5, 1.5, 10, 2.25], "texture": "#1"}
			}
		},
		{
			"from": [9.25, 19.5, 5.5],
			"to": [14.25, 19.5, 10.5],
			"rotation": {"angle": -22.5, "axis": "z", "origin": [14.25, 19.5, 8]},
			"faces": {
				"north": {"uv": [6, 2.25, 7.25, 2.25], "texture": "#1"},
				"east": {"uv": [4.75, 2.25, 6, 2.25], "texture": "#1"},
				"south": {"uv": [8.5, 2.25, 9.75, 2.25], "texture": "#1"},
				"west": {"uv": [7.25, 2.25, 8.5, 2.25], "texture": "#1"},
				"up": {"uv": [7.25, 2.25, 6, 1], "texture": "#1"},
				"down": {"uv": [8.5, 1, 7.25, 2.25], "texture": "#1"}
			}
		},
		{
			"from": [9.25, 16.5, 5.5],
			"to": [14.25, 16.5, 10.5],
			"rotation": {"angle": 22.5, "axis": "z", "origin": [14.25, 16.5, 8]},
			"faces": {
				"north": {"uv": [6, 2.25, 7.25, 2.25], "texture": "#1"},
				"east": {"uv": [4.75, 2.25, 6, 2.25], "texture": "#1"},
				"south": {"uv": [8.5, 2.25, 9.75, 2.25], "texture": "#1"},
				"west": {"uv": [7.25, 2.25, 8.5, 2.25], "texture": "#1"},
				"up": {"uv": [7.25, 2.25, 6, 1], "texture": "#1"},
				"down": {"uv": [8.5, 1, 7.25, 2.25], "texture": "#1"}
			}
		},
		{
			"from": [9.25, 15.5, 9.5],
			"to": [14.25, 20.5, 9.5],
			"rotation": {"angle": 22.5, "axis": "y", "origin": [14.25, 18, 9.5]},
			"faces": {
				"north": {"uv": [8.5, 4.25, 9.75, 5.5], "texture": "#1"},
				"east": {"uv": [8.5, 4.25, 8.5, 5.5], "texture": "#1"},
				"south": {"uv": [9.75, 4.25, 11, 5.5], "texture": "#1"},
				"west": {"uv": [9.75, 4.25, 9.75, 5.5], "texture": "#1"},
				"up": {"uv": [9.75, 4.25, 8.5, 4.25], "texture": "#1"},
				"down": {"uv": [11, 4.25, 9.75, 4.25], "texture": "#1"}
			}
		},
		{
			"from": [9.25, 15.5, 6.5],
			"to": [14.25, 20.5, 6.5],
			"rotation": {"angle": -22.5, "axis": "y", "origin": [14.25, 18, 6.5]},
			"faces": {
				"north": {"uv": [8.5, 4.25, 9.75, 5.5], "texture": "#1"},
				"east": {"uv": [8.5, 4.25, 8.5, 5.5], "texture": "#1"},
				"south": {"uv": [9.75, 4.25, 11, 5.5], "texture": "#1"},
				"west": {"uv": [9.75, 4.25, 9.75, 5.5], "texture": "#1"},
				"up": {"uv": [9.75, 4.25, 8.5, 4.25], "texture": "#1"},
				"down": {"uv": [11, 4.25, 9.75, 4.25], "texture": "#1"}
			}
		},
		{
			"from": [2.25, 19.5, 5.5],
			"to": [7.25, 19.5, 10.5],
			"rotation": {"angle": 22.5, "axis": "z", "origin": [2.25, 19.5, 8]},
			"faces": {
				"north": {"uv": [11.5, 2.25, 12.75, 2.25], "texture": "#1"},
				"east": {"uv": [10.25, 2.25, 11.5, 2.25], "texture": "#1"},
				"south": {"uv": [14, 2.25, 15.25, 2.25], "texture": "#1"},
				"west": {"uv": [12.75, 2.25, 14, 2.25], "texture": "#1"},
				"up": {"uv": [12.75, 2.25, 11.5, 1], "texture": "#1"},
				"down": {"uv": [14, 1, 12.75, 2.25], "texture": "#1"}
			}
		},
		{
			"from": [2.25, 16.5, 5.5],
			"to": [7.25, 16.5, 10.5],
			"rotation": {"angle": -22.5, "axis": "z", "origin": [2.25, 16.5, 8]},
			"faces": {
				"north": {"uv": [11.5, 2.25, 12.75, 2.25], "texture": "#1"},
				"east": {"uv": [10.25, 2.25, 11.5, 2.25], "texture": "#1"},
				"south": {"uv": [14, 2.25, 15.25, 2.25], "texture": "#1"},
				"west": {"uv": [12.75, 2.25, 14, 2.25], "texture": "#1"},
				"up": {"uv": [12.75, 2.25, 11.5, 1], "texture": "#1"},
				"down": {"uv": [14, 1, 12.75, 2.25], "texture": "#1"}
			}
		},
		{
			"from": [2.25, 15.5, 9.5],
			"to": [7.25, 20.5, 9.5],
			"rotation": {"angle": -22.5, "axis": "y", "origin": [2.25, 18, 9.5]},
			"faces": {
				"north": {"uv": [11, 4.25, 12.25, 5.5], "texture": "#1"},
				"east": {"uv": [11, 4.25, 11, 5.5], "texture": "#1"},
				"south": {"uv": [12.25, 4.25, 13.5, 5.5], "texture": "#1"},
				"west": {"uv": [12.25, 4.25, 12.25, 5.5], "texture": "#1"},
				"up": {"uv": [12.25, 4.25, 11, 4.25], "texture": "#1"},
				"down": {"uv": [13.5, 4.25, 12.25, 4.25], "texture": "#1"}
			}
		},
		{
			"from": [2.25, 15.5, 6.5],
			"to": [7.25, 20.5, 6.5],
			"rotation": {"angle": 22.5, "axis": "y", "origin": [2.25, 18, 6.5]},
			"faces": {
				"north": {"uv": [11, 4.25, 12.25, 5.5], "texture": "#1"},
				"east": {"uv": [11, 4.25, 11, 5.5], "texture": "#1"},
				"south": {"uv": [12.25, 4.25, 13.5, 5.5], "texture": "#1"},
				"west": {"uv": [12.25, 4.25, 12.25, 5.5], "texture": "#1"},
				"up": {"uv": [12.25, 4.25, 11, 4.25], "texture": "#1"},
				"down": {"uv": [13.5, 4.25, 12.25, 4.25], "texture": "#1"}
			}
		},
		{
			"from": [18.25, 19.5, 5.5],
			"to": [23.25, 19.5, 10.5],
			"rotation": {"angle": 22.5, "axis": "z", "origin": [18.25, 19.5, 8]},
			"faces": {
				"north": {"uv": [11.5, 2.25, 12.75, 2.25], "texture": "#1"},
				"east": {"uv": [10.25, 2.25, 11.5, 2.25], "texture": "#1"},
				"south": {"uv": [14, 2.25, 15.25, 2.25], "texture": "#1"},
				"west": {"uv": [12.75, 2.25, 14, 2.25], "texture": "#1"},
				"up": {"uv": [12.75, 2.25, 11.5, 1], "texture": "#1"},
				"down": {"uv": [14, 1, 12.75, 2.25], "texture": "#1"}
			}
		},
		{
			"from": [18.25, 16.5, 5.5],
			"to": [23.25, 16.5, 10.5],
			"rotation": {"angle": -22.5, "axis": "z", "origin": [18.25, 16.5, 8]},
			"faces": {
				"north": {"uv": [11.5, 2.25, 12.75, 2.25], "texture": "#1"},
				"east": {"uv": [10.25, 2.25, 11.5, 2.25], "texture": "#1"},
				"south": {"uv": [14, 2.25, 15.25, 2.25], "texture": "#1"},
				"west": {"uv": [12.75, 2.25, 14, 2.25], "texture": "#1"},
				"up": {"uv": [12.75, 2.25, 11.5, 1], "texture": "#1"},
				"down": {"uv": [14, 1, 12.75, 2.25], "texture": "#1"}
			}
		},
		{
			"from": [18.25, 15.5, 9.5],
			"to": [23.25, 20.5, 9.5],
			"rotation": {"angle": -22.5, "axis": "y", "origin": [18.25, 18, 9.5]},
			"faces": {
				"north": {"uv": [11, 4.25, 12.25, 5.5], "texture": "#1"},
				"east": {"uv": [11, 4.25, 11, 5.5], "texture": "#1"},
				"south": {"uv": [12.25, 4.25, 13.5, 5.5], "texture": "#1"},
				"west": {"uv": [12.25, 4.25, 12.25, 5.5], "texture": "#1"},
				"up": {"uv": [12.25, 4.25, 11, 4.25], "texture": "#1"},
				"down": {"uv": [13.5, 4.25, 12.25, 4.25], "texture": "#1"}
			}
		},
		{
			"from": [18.25, 15.5, 6.5],
			"to": [23.25, 20.5, 6.5],
			"rotation": {"angle": 22.5, "axis": "y", "origin": [18.25, 18, 6.5]},
			"faces": {
				"north": {"uv": [11, 4.25, 12.25, 5.5], "texture": "#1"},
				"east": {"uv": [11, 4.25, 11, 5.5], "texture": "#1"},
				"south": {"uv": [12.25, 4.25, 13.5, 5.5], "texture": "#1"},
				"west": {"uv": [12.25, 4.25, 12.25, 5.5], "texture": "#1"},
				"up": {"uv": [12.25, 4.25, 11, 4.25], "texture": "#1"},
				"down": {"uv": [13.5, 4.25, 12.25, 4.25], "texture": "#1"}
			}
		},
		{
			"from": [-7.75, 19.5, 5.5],
			"to": [-2.75, 19.5, 10.5],
			"rotation": {"angle": -22.5, "axis": "z", "origin": [-2.75, 19.5, 8]},
			"faces": {
				"north": {"uv": [6, 2.25, 7.25, 2.25], "texture": "#1"},
				"east": {"uv": [4.75, 2.25, 6, 2.25], "texture": "#1"},
				"south": {"uv": [8.5, 2.25, 9.75, 2.25], "texture": "#1"},
				"west": {"uv": [7.25, 2.25, 8.5, 2.25], "texture": "#1"},
				"up": {"uv": [7.25, 2.25, 6, 1], "texture": "#1"},
				"down": {"uv": [8.5, 1, 7.25, 2.25], "texture": "#1"}
			}
		},
		{
			"from": [-7.75, 16.5, 5.5],
			"to": [-2.75, 16.5, 10.5],
			"rotation": {"angle": 22.5, "axis": "z", "origin": [-2.75, 16.5, 8]},
			"faces": {
				"north": {"uv": [6, 2.25, 7.25, 2.25], "texture": "#1"},
				"east": {"uv": [4.75, 2.25, 6, 2.25], "texture": "#1"},
				"south": {"uv": [8.5, 2.25, 9.75, 2.25], "texture": "#1"},
				"west": {"uv": [7.25, 2.25, 8.5, 2.25], "texture": "#1"},
				"up": {"uv": [7.25, 2.25, 6, 1], "texture": "#1"},
				"down": {"uv": [8.5, 1, 7.25, 2.25], "texture": "#1"}
			}
		},
		{
			"from": [-7.75, 15.5, 9.5],
			"to": [-2.75, 20.5, 9.5],
			"rotation": {"angle": 22.5, "axis": "y", "origin": [-2.75, 18, 9.5]},
			"faces": {
				"north": {"uv": [8.5, 4.25, 9.75, 5.5], "texture": "#1"},
				"east": {"uv": [8.5, 4.25, 8.5, 5.5], "texture": "#1"},
				"south": {"uv": [9.75, 4.25, 11, 5.5], "texture": "#1"},
				"west": {"uv": [9.75, 4.25, 9.75, 5.5], "texture": "#1"},
				"up": {"uv": [9.75, 4.25, 8.5, 4.25], "texture": "#1"},
				"down": {"uv": [11, 4.25, 9.75, 4.25], "texture": "#1"}
			}
		},
		{
			"from": [-7.75, 15.5, 6.5],
			"to": [-2.75, 20.5, 6.5],
			"rotation": {"angle": -22.5, "axis": "y", "origin": [-2.75, 18, 6.5]},
			"faces": {
				"north": {"uv": [8.5, 4.25, 9.75, 5.5], "texture": "#1"},
				"east": {"uv": [8.5, 4.25, 8.5, 5.5], "texture": "#1"},
				"south": {"uv": [9.75, 4.25, 11, 5.5], "texture": "#1"},
				"west": {"uv": [9.75, 4.25, 9.75, 5.5], "texture": "#1"},
				"up": {"uv": [9.75, 4.25, 8.5, 4.25], "texture": "#1"},
				"down": {"uv": [11, 4.25, 9.75, 4.25], "texture": "#1"}
			}
		}
	],
	"display": {
		"head": {
			"rotation": [0, 180, 0],
			"translation": [0, -33.5, 0],
			"scale": [1.8, 1.8, 1.8]
		}
	},
	"groups": [
		0,
		1,
		2,
		{
			"name": "group",
			"origin": [4.5, 11, 4.5],
			"color": 0,
			"children": [3, 4, 5, 6]
		},
		{
			"name": "group",
			"origin": [4.5, 11, 4.5],
			"color": 0,
			"children": [7, 8, 9, 10]
		},
		11,
		12,
		13,
		{
			"name": "group",
			"origin": [-2.75, 18, 6.5],
			"color": 0,
			"children": [14, 15, 16, 17]
		},
		{
			"name": "group",
			"origin": [-2.75, 18, 6.5],
			"color": 0,
			"children": [18, 19, 20, 21]
		},
		{
			"name": "group",
			"origin": [-2.75, 18, 6.5],
			"color": 0,
			"children": [22, 23, 24, 25]
		},
		{
			"name": "group",
			"origin": [-2.75, 18, 6.5],
			"color": 0,
			"children": [26, 27, 28, 29]
		}
	]
}