{
	"credit": "Made with Blockbench",
	"texture_size": [64, 64],
	"textures": {
		"0": "item/hats/helmet_of_miner",
		"particle": "item/hats/helmet_of_miner"
	},
	"elements": [
		{
			"from": [2, 0, -1],
			"to": [14, 1, 2],
			"rotation": {"angle": 0, "axis": "y", "origin": [2, 0, -1]},
			"faces": {
				"north": {"uv": [8.75, 5.5, 11.75, 5.75], "texture": "#0"},
				"east": {"uv": [8, 5.5, 8.75, 5.75], "texture": "#0"},
				"south": {"uv": [12.5, 5.5, 15.5, 5.75], "texture": "#0"},
				"west": {"uv": [11.75, 5.5, 12.5, 5.75], "texture": "#0"},
				"up": {"uv": [11.75, 5.5, 8.75, 4.75], "texture": "#0"},
				"down": {"uv": [14.75, 4.75, 11.75, 5.5], "texture": "#0"}
			}
		},
		{
			"from": [2, 0, 14],
			"to": [14, 1, 17],
			"rotation": {"angle": 0, "axis": "y", "origin": [2, 0, 14]},
			"faces": {
				"north": {"uv": [8.75, 4.5, 11.75, 4.75], "texture": "#0"},
				"east": {"uv": [8, 4.5, 8.75, 4.75], "texture": "#0"},
				"south": {"uv": [12.5, 4.5, 15.5, 4.75], "texture": "#0"},
				"west": {"uv": [11.75, 4.5, 12.5, 4.75], "texture": "#0"},
				"up": {"uv": [11.75, 4.5, 8.75, 3.75], "texture": "#0"},
				"down": {"uv": [14.75, 3.75, 11.75, 4.5], "texture": "#0"}
			}
		},
		{
			"from": [0, 0, 2],
			"to": [2, 1, 14],
			"rotation": {"angle": 0, "axis": "y", "origin": [0, 0, 2]},
			"faces": {
				"north": {"uv": [12, 3.5, 12.5, 3.75], "texture": "#0"},
				"east": {"uv": [9, 3.5, 12, 3.75], "texture": "#0"},
				"south": {"uv": [15.5, 3.5, 16, 3.75], "texture": "#0"},
				"west": {"uv": [12.5, 3.5, 15.5, 3.75], "texture": "#0"},
				"up": {"uv": [12.5, 3.5, 12, 0.5], "texture": "#0"},
				"down": {"uv": [13, 0.5, 12.5, 3.5], "texture": "#0"}
			}
		},
		{
			"from": [1, 0, 0],
			"to": [2, 1, 2],
			"rotation": {"angle": 0, "axis": "y", "origin": [1, 0, 0]},
			"faces": {
				"north": {"uv": [1.5, 2.75, 1.75, 3], "texture": "#0"},
				"east": {"uv": [1, 2.75, 1.5, 3], "texture": "#0"},
				"south": {"uv": [2.25, 2.75, 2.5, 3], "texture": "#0"},
				"west": {"uv": [1.75, 2.75, 2.25, 3], "texture": "#0"},
				"up": {"uv": [1.75, 2.75, 1.5, 2.25], "texture": "#0"},
				"down": {"uv": [2, 2.25, 1.75, 2.75], "texture": "#0"}
			}
		},
		{
			"from": [14, 0, 0],
			"to": [15, 1, 2],
			"rotation": {"angle": 0, "axis": "y", "origin": [14, 0, 0]},
			"faces": {
				"north": {"uv": [0.5, 2.5, 0.75, 2.75], "texture": "#0"},
				"east": {"uv": [0, 2.5, 0.5, 2.75], "texture": "#0"},
				"south": {"uv": [1.25, 2.5, 1.5, 2.75], "texture": "#0"},
				"west": {"uv": [0.75, 2.5, 1.25, 2.75], "texture": "#0"},
				"up": {"uv": [0.75, 2.5, 0.5, 2], "texture": "#0"},
				"down": {"uv": [1, 2, 0.75, 2.5], "texture": "#0"}
			}
		},
		{
			"from": [1, 0, 14],
			"to": [2, 1, 16],
			"rotation": {"angle": 0, "axis": "y", "origin": [1, 0, 14]},
			"faces": {
				"north": {"uv": [2, 2, 2.25, 2.25], "texture": "#0"},
				"east": {"uv": [1.5, 2, 2, 2.25], "texture": "#0"},
				"south": {"uv": [2.75, 2, 3, 2.25], "texture": "#0"},
				"west": {"uv": [2.25, 2, 2.75, 2.25], "texture": "#0"},
				"up": {"uv": [2.25, 2, 2, 1.5], "texture": "#0"},
				"down": {"uv": [2.5, 1.5, 2.25, 2], "texture": "#0"}
			}
		},
		{
			"from": [14, 0, 14],
			"to": [15, 1, 16],
			"rotation": {"angle": 0, "axis": "y", "origin": [14, 0, 14]},
			"faces": {
				"north": {"uv": [2, 1, 2.25, 1.25], "texture": "#0"},
				"east": {"uv": [1.5, 1, 2, 1.25], "texture": "#0"},
				"south": {"uv": [2.75, 1, 3, 1.25], "texture": "#0"},
				"west": {"uv": [2.25, 1, 2.75, 1.25], "texture": "#0"},
				"up": {"uv": [2.25, 1, 2, 0.5], "texture": "#0"},
				"down": {"uv": [2.5, 0.5, 2.25, 1], "texture": "#0"}
			}
		},
		{
			"from": [14, 0, 2],
			"to": [16, 1, 14],
			"rotation": {"angle": 0, "axis": "y", "origin": [14, 0, 2]},
			"faces": {
				"north": {"uv": [9, 10, 9.5, 10.25], "texture": "#0"},
				"east": {"uv": [6, 10, 9, 10.25], "texture": "#0"},
				"south": {"uv": [12.5, 10, 13, 10.25], "texture": "#0"},
				"west": {"uv": [9.5, 10, 12.5, 10.25], "texture": "#0"},
				"up": {"uv": [9.5, 10, 9, 7], "texture": "#0"},
				"down": {"uv": [10, 7, 9.5, 10], "texture": "#0"}
			}
		},
		{
			"from": [2, 1, 2],
			"to": [14, 3, 14],
			"rotation": {"angle": 0, "axis": "y", "origin": [2, 1, 2]},
			"faces": {
				"north": {"uv": [3, 3, 6, 3.5], "texture": "#0"},
				"east": {"uv": [0, 3, 3, 3.5], "texture": "#0"},
				"south": {"uv": [9, 3, 12, 3.5], "texture": "#0"},
				"west": {"uv": [6, 3, 9, 3.5], "texture": "#0"},
				"up": {"uv": [6, 3, 3, 0], "texture": "#0"},
				"down": {"uv": [9, 0, 6, 3], "texture": "#0"}
			}
		},
		{
			"from": [3, 3, 2],
			"to": [13, 5, 14],
			"rotation": {"angle": 0, "axis": "y", "origin": [3, 3, 2]},
			"faces": {
				"north": {"uv": [3, 6.5, 5.5, 7], "texture": "#0"},
				"east": {"uv": [0, 6.5, 3, 7], "texture": "#0"},
				"south": {"uv": [8.5, 6.5, 11, 7], "texture": "#0"},
				"west": {"uv": [5.5, 6.5, 8.5, 7], "texture": "#0"},
				"up": {"uv": [5.5, 6.5, 3, 3.5], "texture": "#0"},
				"down": {"uv": [8, 3.5, 5.5, 6.5], "texture": "#0"}
			}
		},
		{
			"from": [2, 3, 3],
			"to": [3, 5, 13],
			"rotation": {"angle": 0, "axis": "y", "origin": [2, 3, 3]},
			"faces": {
				"north": {"uv": [5.5, 12.25, 5.75, 12.75], "texture": "#0"},
				"east": {"uv": [3, 12.25, 5.5, 12.75], "texture": "#0"},
				"south": {"uv": [8.25, 12.25, 8.5, 12.75], "texture": "#0"},
				"west": {"uv": [5.75, 12.25, 8.25, 12.75], "texture": "#0"},
				"up": {"uv": [5.75, 12.25, 5.5, 9.75], "texture": "#0"},
				"down": {"uv": [6, 9.75, 5.75, 12.25], "texture": "#0"}
			}
		},
		{
			"from": [13, 3, 3],
			"to": [14, 5, 13],
			"rotation": {"angle": 0, "axis": "y", "origin": [13, 3, 3]},
			"faces": {
				"north": {"uv": [2.5, 11.75, 2.75, 12.25], "texture": "#0"},
				"east": {"uv": [0, 11.75, 2.5, 12.25], "texture": "#0"},
				"south": {"uv": [5.25, 11.75, 5.5, 12.25], "texture": "#0"},
				"west": {"uv": [2.75, 11.75, 5.25, 12.25], "texture": "#0"},
				"up": {"uv": [2.75, 11.75, 2.5, 9.25], "texture": "#0"},
				"down": {"uv": [3, 9.25, 2.75, 11.75], "texture": "#0"}
			}
		},
		{
			"from": [3, 5, 4],
			"to": [13, 6, 12],
			"rotation": {"angle": 0, "axis": "y", "origin": [3, 5, 4]},
			"faces": {
				"north": {"uv": [2, 9, 4.5, 9.25], "texture": "#0"},
				"east": {"uv": [0, 9, 2, 9.25], "texture": "#0"},
				"south": {"uv": [6.5, 9, 9, 9.25], "texture": "#0"},
				"west": {"uv": [4.5, 9, 6.5, 9.25], "texture": "#0"},
				"up": {"uv": [4.5, 9, 2, 7], "texture": "#0"},
				"down": {"uv": [7, 7, 4.5, 9], "texture": "#0"}
			}
		},
		{
			"from": [4, 5, 3],
			"to": [12, 6, 4],
			"rotation": {"angle": 0, "axis": "y", "origin": [4, 5, 3]},
			"faces": {
				"north": {"uv": [3.25, 9.5, 5.25, 9.75], "texture": "#0"},
				"east": {"uv": [3, 9.5, 3.25, 9.75], "texture": "#0"},
				"south": {"uv": [5.5, 9.5, 7.5, 9.75], "texture": "#0"},
				"west": {"uv": [5.25, 9.5, 5.5, 9.75], "texture": "#0"},
				"up": {"uv": [5.25, 9.5, 3.25, 9.25], "texture": "#0"},
				"down": {"uv": [7.25, 9.25, 5.25, 9.5], "texture": "#0"}
			}
		},
		{
			"from": [4, 5, 12],
			"to": [12, 6, 13],
			"rotation": {"angle": 0, "axis": "y", "origin": [4, 5, 12]},
			"faces": {
				"north": {"uv": [9.25, 0.25, 11.25, 0.5], "texture": "#0"},
				"east": {"uv": [9, 0.25, 9.25, 0.5], "texture": "#0"},
				"south": {"uv": [11.5, 0.25, 13.5, 0.5], "texture": "#0"},
				"west": {"uv": [11.25, 0.25, 11.5, 0.5], "texture": "#0"},
				"up": {"uv": [11.25, 0.25, 9.25, 0], "texture": "#0"},
				"down": {"uv": [13.25, 0, 11.25, 0.25], "texture": "#0"}
			}
		},
		{
			"from": [6, 1, -2],
			"to": [10, 2, 2],
			"rotation": {"angle": 0, "axis": "y", "origin": [6, 1, -2]},
			"faces": {
				"north": {"uv": [11, 7, 12, 7.25], "texture": "#0"},
				"east": {"uv": [10, 7, 11, 7.25], "texture": "#0"},
				"south": {"uv": [13, 7, 14, 7.25], "texture": "#0"},
				"west": {"uv": [12, 7, 13, 7.25], "texture": "#0"},
				"up": {"uv": [12, 7, 11, 6], "texture": "#0"},
				"down": {"uv": [13, 6, 12, 7], "texture": "#0"}
			}
		},
		{
			"from": [7, 2, -1],
			"to": [9, 4, 1],
			"rotation": {"angle": 0, "axis": "y", "origin": [7, 2, -1]},
			"faces": {
				"north": {"uv": [0.5, 1.5, 1, 2], "texture": "#0"},
				"east": {"uv": [0, 1.5, 0.5, 2], "texture": "#0"},
				"south": {"uv": [1.5, 1.5, 2, 2], "texture": "#0"},
				"west": {"uv": [1, 1.5, 1.5, 2], "texture": "#0"},
				"up": {"uv": [1, 1.5, 0.5, 1], "texture": "#0"},
				"down": {"uv": [1.5, 1, 1, 1.5], "texture": "#0"}
			}
		},
		{
			"from": [7.7, 1.2, -1.3],
			"to": [9.3, 3.05, 0.3],
			"rotation": {"angle": 0, "axis": "y", "origin": [7.5, 1, -1.5]},
			"faces": {
				"north": {"uv": [0.5, 0.5, 1, 1], "texture": "#0"},
				"east": {"uv": [0, 0.5, 0.5, 1], "texture": "#0"},
				"south": {"uv": [1.5, 0.5, 2, 1], "texture": "#0"},
				"west": {"uv": [1, 0.5, 1.5, 1], "texture": "#0"},
				"up": {"uv": [1, 0.5, 0.5, 0], "texture": "#0"},
				"down": {"uv": [1.5, 0, 1, 0.5], "texture": "#0"}
			}
		},
		{
			"from": [7.8, 3.3, -0.2],
			"to": [8.2, 4.7, 0.2],
			"rotation": {"angle": 0, "axis": "y", "origin": [8, 3, 0]},
			"faces": {
				"north": {"uv": [0.25, 3.75, 0.5, 4.25], "texture": "#0"},
				"east": {"uv": [0, 3.75, 0.25, 4.25], "texture": "#0"},
				"south": {"uv": [0.75, 3.75, 1, 4.25], "texture": "#0"},
				"west": {"uv": [0.5, 3.75, 0.75, 4.25], "texture": "#0"},
				"up": {"uv": [0.5, 3.75, 0.25, 3.5], "texture": "#0"},
				"down": {"uv": [0.75, 3.5, 0.5, 3.75], "texture": "#0"}
			}
		}
	],
	"display": {
		"thirdperson_righthand": {
			"translation": [0, 2.25, 0.5],
			"scale": [0.3, 0.3, 0.3]
		},
		"thirdperson_lefthand": {
			"translation": [0, 2.25, 0.5],
			"scale": [0.3, 0.3, 0.3]
		},
		"ground": {
			"scale": [0.3, 0.3, 0.3]
		},
		"gui": {
			"rotation": [23, 170, -22],
			"translation": [-1.75, 3.5, 1.25],
			"scale": [0.8, 0.8, 0.8]
		},
		"head": {
			"translation": [0, 12.25, 0],
			"scale": [1.4, 1.4, 1.4]
		},
		"fixed": {
			"translation": [0, 4.5, 0]
		}
	}
}