{
	"credit": "Made with Blockbench",
	"texture_size": [64, 64],
	"textures": {
		"0": "item/hats/water_wizard_hat",
		"particle": "item/hats/water_wizard_hat"
	},
	"elements": [
		{
			"from": [2, 0, 1],
			"to": [14, 1, 15],
			"rotation": {"angle": 0, "axis": "y", "origin": [2, 0, 1]},
			"faces": {
				"north": {"uv": [3.5, 3.5, 6.5, 3.75], "texture": "#0"},
				"east": {"uv": [0, 3.5, 3.5, 3.75], "texture": "#0"},
				"south": {"uv": [10, 3.5, 13, 3.75], "texture": "#0"},
				"west": {"uv": [6.5, 3.5, 10, 3.75], "texture": "#0"},
				"up": {"uv": [6.5, 3.5, 3.5, 0], "texture": "#0"},
				"down": {"uv": [9.5, 0, 6.5, 3.5], "texture": "#0"}
			}
		},
		{
			"from": [3, 1, 3],
			"to": [13, 5, 13],
			"rotation": {"angle": 0, "axis": "y", "origin": [3, 1, 3]},
			"faces": {
				"north": {"uv": [2.5, 6.25, 5, 7.25], "texture": "#0"},
				"east": {"uv": [0, 6.25, 2.5, 7.25], "texture": "#0"},
				"south": {"uv": [7.5, 6.25, 10, 7.25], "texture": "#0"},
				"west": {"uv": [5, 6.25, 7.5, 7.25], "texture": "#0"},
				"up": {"uv": [5, 6.25, 2.5, 3.75], "texture": "#0"},
				"down": {"uv": [7.5, 3.75, 5, 6.25], "texture": "#0"}
			}
		},
		{
			"from": [2.8, 1.8, 2.8],
			"to": [13.2, 3.2, 13.2],
			"rotation": {"angle": 0, "axis": "y", "origin": [3, 2, 3]},
			"faces": {
				"north": {"uv": [2.5, 9.75, 5, 10], "texture": "#0"},
				"east": {"uv": [0, 9.75, 2.5, 10], "texture": "#0"},
				"south": {"uv": [7.5, 9.75, 10, 10], "texture": "#0"},
				"west": {"uv": [5, 9.75, 7.5, 10], "texture": "#0"},
				"up": {"uv": [5, 9.75, 2.5, 7.25], "texture": "#0"},
				"down": {"uv": [7.5, 7.25, 5, 9.75], "texture": "#0"}
			}
		},
		{
			"from": [4, 5, 3.75],
			"to": [12, 9, 11.75],
			"rotation": {"angle": -22.5, "axis": "x", "origin": [8, 5, 11.75]},
			"faces": {
				"north": {"uv": [10, 7.25, 12, 8.25], "texture": "#0"},
				"east": {"uv": [8, 7.25, 10, 8.25], "texture": "#0"},
				"south": {"uv": [14, 7.25, 16, 8.25], "texture": "#0"},
				"west": {"uv": [12, 7.25, 14, 8.25], "texture": "#0"},
				"up": {"uv": [12, 7.25, 10, 5.25], "texture": "#0"},
				"down": {"uv": [14, 5.25, 12, 7.25], "texture": "#0"}
			}
		},
		{
			"from": [6.2, 1.7, 10.95],
			"to": [9.8, 3.3, 13.55],
			"rotation": {"angle": 0, "axis": "x", "origin": [8, 2, 13.25]},
			"faces": {
				"north": {"uv": [0.5, 0.5, 1.25, 0.75], "texture": "#0"},
				"east": {"uv": [0, 0.5, 0.5, 0.75], "texture": "#0"},
				"south": {"uv": [1.75, 0.5, 2.5, 0.75], "texture": "#0"},
				"west": {"uv": [1.25, 0.5, 1.75, 0.75], "texture": "#0"},
				"up": {"uv": [1.25, 0.5, 0.5, 0], "texture": "#0"},
				"down": {"uv": [2, 0, 1.25, 0.5], "texture": "#0"}
			}
		},
		{
			"from": [5, 9.75, 2.75],
			"to": [11, 14.75, 8.75],
			"rotation": {"angle": -45, "axis": "x", "origin": [9, 9.75, 10.75]},
			"faces": {
				"north": {"uv": [1.5, 11.5, 3, 12.75], "texture": "#0"},
				"east": {"uv": [0, 11.5, 1.5, 12.75], "texture": "#0"},
				"south": {"uv": [4.5, 11.5, 6, 12.75], "texture": "#0"},
				"west": {"uv": [3, 11.5, 4.5, 12.75], "texture": "#0"},
				"up": {"uv": [3, 11.5, 1.5, 10], "texture": "#0"},
				"down": {"uv": [4.5, 10, 3, 11.5], "texture": "#0"}
			}
		},
		{
			"from": [6, 7, 0.75],
			"to": [10, 11, 5.75],
			"rotation": {"angle": 22.5, "axis": "x", "origin": [8, 12, 5.75]},
			"faces": {
				"north": {"uv": [11.75, 9.5, 12.75, 10.5], "texture": "#0"},
				"east": {"uv": [10.5, 9.5, 11.75, 10.5], "texture": "#0"},
				"south": {"uv": [14, 9.5, 15, 10.5], "texture": "#0"},
				"west": {"uv": [12.75, 9.5, 14, 10.5], "texture": "#0"},
				"up": {"uv": [12.75, 9.5, 11.75, 8.25], "texture": "#0"},
				"down": {"uv": [13.75, 8.25, 12.75, 9.5], "texture": "#0"}
			}
		},
		{
			"from": [1, 0, 2],
			"to": [2, 1, 14],
			"rotation": {"angle": 0, "axis": "y", "origin": [1, 0, 2]},
			"faces": {
				"north": {"uv": [12.5, 3, 12.75, 3.25], "texture": "#0"},
				"east": {"uv": [9.5, 3, 12.5, 3.25], "texture": "#0"},
				"south": {"uv": [15.75, 3, 16, 3.25], "texture": "#0"},
				"west": {"uv": [12.75, 3, 15.75, 3.25], "texture": "#0"},
				"up": {"uv": [12.75, 3, 12.5, 0], "texture": "#0"},
				"down": {"uv": [13, 0, 12.75, 3], "texture": "#0"}
			}
		},
		{
			"from": [14, 0, 2],
			"to": [15, 1, 14],
			"rotation": {"angle": 0, "axis": "y", "origin": [14, 0, 2]},
			"faces": {
				"north": {"uv": [10, 11.25, 10.25, 11.5], "texture": "#0"},
				"east": {"uv": [7, 11.25, 10, 11.5], "texture": "#0"},
				"south": {"uv": [13.25, 11.25, 13.5, 11.5], "texture": "#0"},
				"west": {"uv": [10.25, 11.25, 13.25, 11.5], "texture": "#0"},
				"up": {"uv": [10.25, 11.25, 10, 8.25], "texture": "#0"},
				"down": {"uv": [10.5, 8.25, 10.25, 11.25], "texture": "#0"}
			}
		}
	],
	"display": {
		"thirdperson_righthand": {
			"rotation": [64, 153, 0],
			"translation": [0, 1.25, 1.5],
			"scale": [0.2, 0.2, 0.2]
		},
		"thirdperson_lefthand": {
			"rotation": [64, 153, 0],
			"translation": [0, 1.25, 1.5],
			"scale": [0.2, 0.2, 0.2]
		},
		"firstperson_righthand": {
			"rotation": [0, 180, 0],
			"translation": [1.5, 4, 0],
			"scale": [0.7, 0.7, 0.7]
		},
		"firstperson_lefthand": {
			"rotation": [0, 180, 0],
			"translation": [1.5, 4, 0],
			"scale": [0.7, 0.7, 0.7]
		},
		"ground": {
			"translation": [0, 2.75, 0],
			"scale": [0.4, 0.4, 0.4]
		},
		"gui": {
			"rotation": [28, -27, 0],
			"translation": [-0.25, 1.25, 0],
			"scale": [0.85, 0.85, 0.85]
		},
		"head": {
			"rotation": [0, 180, 0],
			"translation": [0, 14, 0],
			"scale": [1.5, 1.5, 1.5]
		}
	}
}