[
  {
    "function": "minecraft:set_nbt",
    "tag": "{display:{color:4872304},HideFlags:192,Trim:{material:\"minecraft:gold\",pattern:\"minecraft:coast\"}}"
  },
  {
    "function": "minecraft:set_lore",
    "lore": [
      {
        "translate": "ToDH.item.battle.description.divider",
        "color": "light_purple",
        "bold": false,
        "italic": false
      },
      {
        "translate": "ToDH.item.battle.wizard_boots.description.1",
        "color": "white",
        "bold": false,
        "italic": false
      },
      {
        "translate": "ToDH.item.battle.wizard_boots.description.2",
        "color": "white",
        "bold": false,
        "italic": false
      },
      {
        "translate": "ToDH.item.battle.description.divider",
        "color": "light_purple",
        "bold": false,
        "italic": false
      },
      [
        {
          "translate": "ToDH.item.battle.description.suit_effect",
          "color": "gray",
          "bold": false,
          "italic": false
        },
        {
          "translate": "ToDH.item.battle.description.suit_effect.none",
          "color": "blue",
          "bold": false,
          "italic": false
        }
      ]
    ]
  },
  {
    "function": "minecraft:set_name",
    "name": {
      "translate": "ToDH.item.battle.wizard_boots",
      "color": "dark_purple",
      "bold": false,
      "italic": false
    }
  },
  {
    "function": "minecraft:set_enchantments",
    "enchantments": {
      "minecraft:protection": 3,
      "minecraft:unbreaking":3
    }
  },
  {
    "function": "minecraft:set_attributes",
    "modifiers": [
      {
        "attribute": "minecraft:generic.max_health",
        "name": "",
        "amount": 2,
        "operation": "addition",
        "slot": "feet"
      },
      {
        "attribute": "minecraft:generic.armor",
        "name": "",
        "amount": 0,
        "operation": "addition",
        "slot": "feet"
      },
      {
        "attribute": "minecraft:generic.armor_toughness",
        "name": "",
        "amount": 0,
        "operation": "addition",
        "slot": "feet"
      },
      {
        "attribute": "minecraft:generic.attack_damage",
        "name": "",
        "amount": 0,
        "operation": "addition",
        "slot": "feet"
      },
      {
        "attribute": "minecraft:generic.attack_knockback",
        "name": "",
        "amount": 0,
        "operation": "addition",
        "slot": "feet"
      },
      {
        "attribute": "minecraft:generic.attack_speed",
        "name": "",
        "amount": 0,
        "operation": "addition",
        "slot": "feet"
      },
      {
        "attribute": "minecraft:generic.knockback_resistance",
        "name": "",
        "amount": 0,
        "operation": "addition",
        "slot": "feet"
      },
      {
        "attribute": "minecraft:generic.movement_speed",
        "name": "",
        "amount": 0,
        "operation": "addition",
        "slot": "feet"
      }
    ]
  },
  {
    "function": "minecraft:set_count",
    "count": 1
  }
]
