{
	"criteria": {
		"requirement": {
			"trigger": "minecraft:tick",
			"conditions": {
				"player": [
					{
						"condition": "minecraft:all_of",
						"terms": [
							{
								"condition": "minecraft:entity_properties",
								"entity": "this",
								"predicate": {
									"nbt": "{Tags:[dodge]}"
								}
							},
							{
								"condition": "minecraft:entity_scores",
								"entity": "this",
								"scores": {
									"dodgeTick": {
										"min": 7
									}
								}
							}
						]
					}
				]
			}
		}
	},
	"rewards": {
		"function": "dodge:do/clear"
	}
}
