{
	"criteria": {
		"requirement": {
			"trigger": "minecraft:tick",
			"conditions": {
				"player": [
					{
						"condition": "minecraft:all_of",
						"terms": [
							{
								"condition": "minecraft:inverted",
								"term": {
									"condition": "minecraft:any_of",
									"terms": [
										{
											"condition": "minecraft:entity_properties",
											"entity": "this",
											"predicate": {
												"nbt": "{Tags:[dodge]}"
											}
										}
									]
								}
							},
							{
								"condition": "minecraft:entity_properties",
								"entity": "this",
								"predicate": {
									"flags": {
										"is_sneaking": true
									}
								}
							}
						]
					}
				]
			}
		}
	},
	"rewards": {
		"function": "dodge:do/pos_sale"
	}
}
