{
	"criteria": {
		"requirement": {
			"trigger": "minecraft:tick",
			"conditions": {
				"player": [
					{
						"condition": "minecraft:all_of",
						"terms": [
							{
								"condition": "minecraft:all_of",
								"terms": [
									{
										"condition": "minecraft:entity_properties",
										"entity": "this",
										"predicate": {
											"flags": {
												"is_sneaking": false
											}
										}
									},
									{
										"condition": "minecraft:entity_scores",
										"entity": "this",
										"scores": {
											"sneakTick": {
												"min": 1
											}
										}
									}
								]
							}
						]
					}
				]
			}
		}
	},
	"rewards": {
		"function": "dodge:do/check"
	}
}
