[
  {
    "function": "minecraft:set_nbt",
    "tag": "{display:{color:16753193},HideFlags:192,Trim:{material:\"minecraft:gold\",pattern:\"minecraft:eye\"}}"
  },
  {
    "function": "minecraft:set_lore",
    "lore": [
      {
        "translate": "ToDH.item.battle.description.divider",
        "color": "light_purple",
        "bold": false,
        "italic": false
      },
      {
        "translate": "ToDH.item.battle.flame_fairy_chestplate.description.1",
        "color": "white",
        "bold": false,
        "italic": false
      },
      {
        "translate": "ToDH.item.battle.flame_fairy_chestplate.description.2",
        "color": "white",
        "bold": false,
        "italic": false
      },
      {
        "translate": "ToDH.item.battle.description.divider",
        "color": "light_purple",
        "bold": false,
        "italic": false
      },
      [
        {
          "translate": "ToDH.item.battle.description.suit_effect",
          "color": "gray",
          "bold": false,
          "italic": false
        },
        {
          "translate": "ToDH.item.battle.description.suit_effect.none",
          "color": "blue",
          "bold": false,
          "italic": false
        }
      ]
    ]
  },
  {
    "function": "minecraft:set_name",
    "name": {
      "translate": "ToDH.item.battle.flame_fairy_chestplate",
      "color": "dark_purple",
      "bold": false,
      "italic": false
    }
  },
  {
    "function": "minecraft:set_enchantments",
    "enchantments": {
      "minecraft:protection": 1,
      "minecraft:unbreaking":3,
      "minecraft:fire_protection": 3,
      "minecraft:blast_protection": 2
    }
  },
  {
    "function": "minecraft:set_attributes",
    "modifiers": [
      {
        "attribute": "minecraft:generic.max_health",
        "name": "",
        "amount": 0,
        "operation": "addition",
        "slot": "chest"
      },
      {
        "attribute": "minecraft:generic.armor",
        "name": "",
        "amount": 0,
        "operation": "addition",
        "slot": "chest"
      },
      {
        "attribute": "minecraft:generic.armor_toughness",
        "name": "",
        "amount": 0,
        "operation": "addition",
        "slot": "chest"
      },
      {
        "attribute": "minecraft:generic.attack_damage",
        "name": "",
        "amount": 0.25,
        "operation": "multiply_total",
        "slot": "chest"
      },
      {
        "attribute": "minecraft:generic.attack_knockback",
        "name": "",
        "amount": 0,
        "operation": "addition",
        "slot": "chest"
      },
      {
        "attribute": "minecraft:generic.attack_speed",
        "name": "",
        "amount": 0,
        "operation": "addition",
        "slot": "chest"
      },
      {
        "attribute": "minecraft:generic.knockback_resistance",
        "name": "",
        "amount": 0.05,
        "operation": "multiply_total",
        "slot": "chest"
      },
      {
        "attribute": "minecraft:generic.movement_speed",
        "name": "",
        "amount": 0,
        "operation": "addition",
        "slot": "chest"
      }
    ]
  },
  {
    "function": "minecraft:set_count",
    "count": 1
  }
]
