[
  {
    "function": "minecraft:set_nbt",
    "tag": "{Tags:[KCS.trigger],CustomModelData:2}"
  },
  {
    "function": "minecraft:set_lore",
    "lore": [
      {
        "translate": "ToDH.item.battle.description.divider",
        "color": "light_purple",
        "bold": false,
        "italic": false
      },
      {
        "translate": "ToDH.item.battle.flame_fairy_weapon.description.1",
        "color": "white",
        "bold": false,
        "italic": false
      },
      {
        "translate": "ToDH.item.battle.flame_fairy_weapon.description.2",
        "color": "white",
        "bold": false,
        "italic": false
      },
      {
        "translate": "ToDH.item.battle.description.divider",
        "color": "light_purple",
        "bold": false,
        "italic": false
      },
      [
        {
          "translate": "ToDH.item.battle.description.suit_effect",
          "color": "gray",
          "bold": false,
          "italic": false
        },
        {
          "translate": "ToDH.item.battle.description.suit_effect.none",
          "color": "blue",
          "bold": false,
          "italic": false
        }
      ]
    ]
  },
  {
    "function": "minecraft:set_name",
    "name": {
      "translate": "ToDH.item.battle.flame_fairy_weapon",
      "color": "dark_purple",
      "bold": false,
      "italic": false
    }
  },
  {
    "function": "minecraft:set_enchantments",
    "enchantments": {
      "minecraft:unbreaking": 3,
      "minecraft:sharpness": 1,
      "minecraft:fire_aspect": 2
    }
  },
  {
    "function": "minecraft:set_attributes",
    "modifiers": [
      {
        "attribute": "minecraft:generic.max_health",
        "name": "",
        "amount": 0,
        "operation": "addition",
        "slot": "mainhand"
      },
      {
        "attribute": "minecraft:generic.armor",
        "name": "",
        "amount": 0,
        "operation": "addition",
        "slot": "mainhand"
      },
      {
        "attribute": "minecraft:generic.armor_toughness",
        "name": "",
        "amount": 0,
        "operation": "addition",
        "slot": "mainhand"
      },
      {
        "attribute": "minecraft:generic.attack_damage",
        "name": "",
        "amount": 7,
        "operation": "addition",
        "slot": "mainhand"
      },
      {
        "attribute": "minecraft:generic.attack_knockback",
        "name": "",
        "amount": 0,
        "operation": "addition",
        "slot": "mainhand"
      },
      {
        "attribute": "minecraft:generic.attack_speed",
        "name": "",
        "amount": -0.4,
        "operation": "multiply_total",
        "slot": "mainhand"
      },
      {
        "attribute": "minecraft:generic.knockback_resistance",
        "name": "",
        "amount": 0,
        "operation": "addition",
        "slot": "mainhand"
      },
      {
        "attribute": "minecraft:generic.movement_speed",
        "name": "",
        "amount": -0.1,
        "operation": "multiply_total",
        "slot": "mainhand"
      }
    ]
  },
  {
    "function": "minecraft:set_count",
    "count": 1
  }
]
