{
	"credit": "Made with Blockbench",
	"texture_size": [64, 64],
	"textures": {
		"0": "item/weapon/empire_wand",
		"particle": "item/weapon/empire_wand"
	},
	"elements": [
		{
			"from": [7, 2.5, 7],
			"to": [9, 21.5, 9],
			"rotation": {"angle": 0, "axis": "y", "origin": [7, 2.5, 7]},
			"faces": {
				"north": {"uv": [0.5, 0.5, 1, 5.25], "texture": "#0"},
				"east": {"uv": [0, 0.5, 0.5, 5.25], "texture": "#0"},
				"south": {"uv": [1.5, 0.5, 2, 5.25], "texture": "#0"},
				"west": {"uv": [1, 0.5, 1.5, 5.25], "texture": "#0"},
				"up": {"uv": [1, 0.5, 0.5, 0], "texture": "#0"},
				"down": {"uv": [1.5, 0, 1, 0.5], "texture": "#0"}
			}
		},
		{
			"from": [6.9, 12.65, 6.9],
			"to": [9.1, 13.85, 9.1],
			"rotation": {"angle": 0, "axis": "y", "origin": [7, 12.75, 7]},
			"faces": {
				"north": {"uv": [4, 7, 4.5, 7.25], "texture": "#0"},
				"east": {"uv": [3.5, 7, 4, 7.25], "texture": "#0"},
				"south": {"uv": [5, 7, 5.5, 7.25], "texture": "#0"},
				"west": {"uv": [4.5, 7, 5, 7.25], "texture": "#0"},
				"up": {"uv": [4.5, 7, 4, 6.5], "texture": "#0"},
				"down": {"uv": [5, 6.5, 4.5, 7], "texture": "#0"}
			}
		},
		{
			"from": [6.8, 6.55, 6.8],
			"to": [9.2, 7.95, 9.2],
			"rotation": {"angle": 0, "axis": "y", "origin": [7, 6.75, 7]},
			"faces": {
				"north": {"uv": [7, 2.25, 7.5, 2.5], "texture": "#0"},
				"east": {"uv": [6.5, 2.25, 7, 2.5], "texture": "#0"},
				"south": {"uv": [8, 2.25, 8.5, 2.5], "texture": "#0"},
				"west": {"uv": [7.5, 2.25, 8, 2.5], "texture": "#0"},
				"up": {"uv": [7.5, 2.25, 7, 1.75], "texture": "#0"},
				"down": {"uv": [8, 1.75, 7.5, 2.25], "texture": "#0"}
			}
		},
		{
			"from": [6.8, 16.55, 6.8],
			"to": [9.2, 17.95, 9.2],
			"rotation": {"angle": 0, "axis": "y", "origin": [7, 16.75, 7]},
			"faces": {
				"north": {"uv": [6, 4, 6.5, 4.25], "texture": "#0"},
				"east": {"uv": [5.5, 4, 6, 4.25], "texture": "#0"},
				"south": {"uv": [7, 4, 7.5, 4.25], "texture": "#0"},
				"west": {"uv": [6.5, 4, 7, 4.25], "texture": "#0"},
				"up": {"uv": [6.5, 4, 6, 3.5], "texture": "#0"},
				"down": {"uv": [7, 3.5, 6.5, 4], "texture": "#0"}
			}
		},
		{
			"from": [6.9, 10.65, 6.9],
			"to": [9.1, 11.85, 9.1],
			"rotation": {"angle": 0, "axis": "y", "origin": [7, 10.75, 7]},
			"faces": {
				"north": {"uv": [2, 7, 2.5, 7.25], "texture": "#0"},
				"east": {"uv": [1.5, 7, 2, 7.25], "texture": "#0"},
				"south": {"uv": [3, 7, 3.5, 7.25], "texture": "#0"},
				"west": {"uv": [2.5, 7, 3, 7.25], "texture": "#0"},
				"up": {"uv": [2.5, 7, 2, 6.5], "texture": "#0"},
				"down": {"uv": [3, 6.5, 2.5, 7], "texture": "#0"}
			}
		},
		{
			"from": [6.85, 8.6, 6.85],
			"to": [9.15, 9.9, 9.15],
			"rotation": {"angle": 0, "axis": "y", "origin": [7, 8.75, 7]},
			"faces": {
				"north": {"uv": [5.5, 6.75, 6, 7], "texture": "#0"},
				"east": {"uv": [5, 6.75, 5.5, 7], "texture": "#0"},
				"south": {"uv": [6.5, 6.75, 7, 7], "texture": "#0"},
				"west": {"uv": [6, 6.75, 6.5, 7], "texture": "#0"},
				"up": {"uv": [6, 6.75, 5.5, 6.25], "texture": "#0"},
				"down": {"uv": [6.5, 6.25, 6, 6.75], "texture": "#0"}
			}
		},
		{
			"from": [6.85, 14.6, 6.85],
			"to": [9.15, 15.9, 9.15],
			"rotation": {"angle": 0, "axis": "y", "origin": [7, 14.75, 7]},
			"faces": {
				"north": {"uv": [6.5, 1.5, 7, 1.75], "texture": "#0"},
				"east": {"uv": [6, 1.5, 6.5, 1.75], "texture": "#0"},
				"south": {"uv": [7.5, 1.5, 8, 1.75], "texture": "#0"},
				"west": {"uv": [7, 1.5, 7.5, 1.75], "texture": "#0"},
				"up": {"uv": [7, 1.5, 6.5, 1], "texture": "#0"},
				"down": {"uv": [7.5, 1, 7, 1.5], "texture": "#0"}
			}
		},
		{
			"from": [6.9, 2.4, 6.9],
			"to": [9.1, 4.6, 9.1],
			"rotation": {"angle": -22.5, "axis": "x", "origin": [7, 2.5, 7]},
			"faces": {
				"north": {"uv": [6, 5.75, 6.5, 6.25], "texture": "#0"},
				"east": {"uv": [5.5, 5.75, 6, 6.25], "texture": "#0"},
				"south": {"uv": [7, 5.75, 7.5, 6.25], "texture": "#0"},
				"west": {"uv": [6.5, 5.75, 7, 6.25], "texture": "#0"},
				"up": {"uv": [6.5, 5.75, 6, 5.25], "texture": "#0"},
				"down": {"uv": [7, 5.25, 6.5, 5.75], "texture": "#0"}
			}
		},
		{
			"from": [6.9, 2.4, 6.9],
			"to": [9.1, 4.6, 9.1],
			"rotation": {"angle": 22.5, "axis": "x", "origin": [7, 2.5, 9]},
			"faces": {
				"north": {"uv": [6, 0.5, 6.5, 1], "texture": "#0"},
				"east": {"uv": [5.5, 0.5, 6, 1], "texture": "#0"},
				"south": {"uv": [7, 0.5, 7.5, 1], "texture": "#0"},
				"west": {"uv": [6.5, 0.5, 7, 1], "texture": "#0"},
				"up": {"uv": [6.5, 0.5, 6, 0], "texture": "#0"},
				"down": {"uv": [7, 0, 6.5, 0.5], "texture": "#0"}
			}
		},
		{
			"from": [6.55, 1.05, 6.8],
			"to": [9.95, 5.45, 9.2],
			"rotation": {"angle": 22.5, "axis": "z", "origin": [6.75, 1.25, 9]},
			"faces": {
				"north": {"uv": [3.5, 3.75, 4.25, 4.75], "texture": "#0"},
				"east": {"uv": [3, 3.75, 3.5, 4.75], "texture": "#0"},
				"south": {"uv": [4.75, 3.75, 5.5, 4.75], "texture": "#0"},
				"west": {"uv": [4.25, 3.75, 4.75, 4.75], "texture": "#0"},
				"up": {"uv": [4.25, 3.75, 3.5, 3.25], "texture": "#0"},
				"down": {"uv": [5, 3.25, 4.25, 3.75], "texture": "#0"}
			}
		},
		{
			"from": [7.3, 1.05, 7.3],
			"to": [10.7, 2.45, 8.7],
			"rotation": {"angle": -45, "axis": "z", "origin": [7.5, 1.25, 9.5]},
			"faces": {
				"north": {"uv": [6.75, 4.5, 7.5, 4.75], "texture": "#0"},
				"east": {"uv": [6.5, 4.5, 6.75, 4.75], "texture": "#0"},
				"south": {"uv": [7.75, 4.5, 8.5, 4.75], "texture": "#0"},
				"west": {"uv": [7.5, 4.5, 7.75, 4.75], "texture": "#0"},
				"up": {"uv": [7.5, 4.5, 6.75, 4.25], "texture": "#0"},
				"down": {"uv": [8.25, 4.25, 7.5, 4.5], "texture": "#0"}
			}
		},
		{
			"from": [7.4, 2.4, 7.4],
			"to": [10.6, 3.6, 8.6],
			"rotation": {"angle": -45, "axis": "z", "origin": [7.5, 2.5, 9.5]},
			"faces": {
				"north": {"uv": [3.75, 2.25, 4.5, 2.5], "texture": "#0"},
				"east": {"uv": [3.5, 2.25, 3.75, 2.5], "texture": "#0"},
				"south": {"uv": [4.75, 2.25, 5.5, 2.5], "texture": "#0"},
				"west": {"uv": [4.5, 2.25, 4.75, 2.5], "texture": "#0"},
				"up": {"uv": [4.5, 2.25, 3.75, 2], "texture": "#0"},
				"down": {"uv": [5.25, 2, 4.5, 2.25], "texture": "#0"}
			}
		},
		{
			"from": [6.9, 2.4, 6.9],
			"to": [9.1, 4.6, 9.1],
			"rotation": {"angle": -22.5, "axis": "z", "origin": [9, 2.5, 9]},
			"faces": {
				"north": {"uv": [5.5, 4.75, 6, 5.25], "texture": "#0"},
				"east": {"uv": [5, 4.75, 5.5, 5.25], "texture": "#0"},
				"south": {"uv": [6.5, 4.75, 7, 5.25], "texture": "#0"},
				"west": {"uv": [6, 4.75, 6.5, 5.25], "texture": "#0"},
				"up": {"uv": [6, 4.75, 5.5, 4.25], "texture": "#0"},
				"down": {"uv": [6.5, 4.25, 6, 4.75], "texture": "#0"}
			}
		},
		{
			"from": [6, 19.25, 6.5],
			"to": [10, 21.25, 9.5],
			"rotation": {"angle": 22.5, "axis": "z", "origin": [6, 19.25, 6.5]},
			"faces": {
				"north": {"uv": [2.75, 0.75, 3.75, 1.25], "texture": "#0"},
				"east": {"uv": [2, 0.75, 2.75, 1.25], "texture": "#0"},
				"south": {"uv": [4.5, 0.75, 5.5, 1.25], "texture": "#0"},
				"west": {"uv": [3.75, 0.75, 4.5, 1.25], "texture": "#0"},
				"up": {"uv": [3.75, 0.75, 2.75, 0], "texture": "#0"},
				"down": {"uv": [4.75, 0, 3.75, 0.75], "texture": "#0"}
			}
		},
		{
			"from": [6.5, 21.25, 7],
			"to": [11.5, 22.25, 9],
			"rotation": {"angle": 22.5, "axis": "z", "origin": [6.5, 21.25, 7]},
			"faces": {
				"north": {"uv": [8, 3.75, 9.25, 4], "texture": "#0"},
				"east": {"uv": [7.5, 3.75, 8, 4], "texture": "#0"},
				"south": {"uv": [9.75, 3.75, 11, 4], "texture": "#0"},
				"west": {"uv": [9.25, 3.75, 9.75, 4], "texture": "#0"},
				"up": {"uv": [9.25, 3.75, 8, 3.25], "texture": "#0"},
				"down": {"uv": [10.5, 3.25, 9.25, 3.75], "texture": "#0"}
			}
		},
		{
			"from": [5.75, 21.25, 7],
			"to": [6.75, 24.25, 9],
			"rotation": {"angle": 22.5, "axis": "z", "origin": [6.75, 21.25, 7]},
			"faces": {
				"north": {"uv": [10.5, 2.5, 10.75, 3.25], "texture": "#0"},
				"east": {"uv": [10, 2.5, 10.5, 3.25], "texture": "#0"},
				"south": {"uv": [11.25, 2.5, 11.5, 3.25], "texture": "#0"},
				"west": {"uv": [10.75, 2.5, 11.25, 3.25], "texture": "#0"},
				"up": {"uv": [10.75, 2.5, 10.5, 2], "texture": "#0"},
				"down": {"uv": [11, 2, 10.75, 2.5], "texture": "#0"}
			}
		},
		{
			"from": [8.55, 20.55, 6.8],
			"to": [12.95, 21.95, 9.2],
			"rotation": {"angle": 45, "axis": "z", "origin": [8.75, 20.75, 7]},
			"faces": {
				"north": {"uv": [4, 1.75, 5, 2], "texture": "#0"},
				"east": {"uv": [3.5, 1.75, 4, 2], "texture": "#0"},
				"south": {"uv": [5.5, 1.75, 6.5, 2], "texture": "#0"},
				"west": {"uv": [5, 1.75, 5.5, 2], "texture": "#0"},
				"up": {"uv": [5, 1.75, 4, 1.25], "texture": "#0"},
				"down": {"uv": [6, 1.25, 5, 1.75], "texture": "#0"}
			}
		},
		{
			"from": [4.8, 19.8, 6.8],
			"to": [7.2, 24.2, 9.2],
			"rotation": {"angle": 45, "axis": "z", "origin": [7, 20, 7]},
			"faces": {
				"north": {"uv": [5.5, 2.5, 6, 3.5], "texture": "#0"},
				"east": {"uv": [5, 2.5, 5.5, 3.5], "texture": "#0"},
				"south": {"uv": [6.5, 2.5, 7, 3.5], "texture": "#0"},
				"west": {"uv": [6, 2.5, 6.5, 3.5], "texture": "#0"},
				"up": {"uv": [6, 2.5, 5.5, 2], "texture": "#0"},
				"down": {"uv": [6.5, 2, 6, 2.5], "texture": "#0"}
			}
		},
		{
			"from": [6, 20.5, 6.75],
			"to": [7.5, 27, 9.25],
			"rotation": {"angle": 45, "axis": "z", "origin": [8.25, 20.75, 7]},
			"faces": {
				"north": {"uv": [0.5, 5.75, 0.75, 7.25], "texture": "#0"},
				"east": {"uv": [0, 5.75, 0.5, 7.25], "texture": "#0"},
				"south": {"uv": [1.25, 5.75, 1.5, 7.25], "texture": "#0"},
				"west": {"uv": [0.75, 5.75, 1.25, 7.25], "texture": "#0"},
				"up": {"uv": [0.75, 5.75, 0.5, 5.25], "texture": "#0"},
				"down": {"uv": [1, 5.25, 0.75, 5.75], "texture": "#0"}
			}
		},
		{
			"from": [3.65, 21.4, 6.9],
			"to": [4.85, 25.6, 9.1],
			"rotation": {"angle": 0, "axis": "z", "origin": [5.75, 21.5, 7]},
			"faces": {
				"north": {"uv": [4.25, 5.25, 4.5, 6.25], "texture": "#0"},
				"east": {"uv": [3.75, 5.25, 4.25, 6.25], "texture": "#0"},
				"south": {"uv": [5, 5.25, 5.25, 6.25], "texture": "#0"},
				"west": {"uv": [4.5, 5.25, 5, 6.25], "texture": "#0"},
				"up": {"uv": [4.5, 5.25, 4.25, 4.75], "texture": "#0"},
				"down": {"uv": [4.75, 4.75, 4.5, 5.25], "texture": "#0"}
			}
		},
		{
			"from": [4.5, 21.5, 7],
			"to": [5.5, 26.5, 9],
			"rotation": {"angle": 0, "axis": "y", "origin": [6.5, 21.5, 7]},
			"faces": {
				"north": {"uv": [9, 2, 9.25, 3.25], "texture": "#0"},
				"east": {"uv": [8.5, 2, 9, 3.25], "texture": "#0"},
				"south": {"uv": [9.75, 2, 10, 3.25], "texture": "#0"},
				"west": {"uv": [9.25, 2, 9.75, 3.25], "texture": "#0"},
				"up": {"uv": [9.25, 2, 9, 1.5], "texture": "#0"},
				"down": {"uv": [9.5, 1.5, 9.25, 2], "texture": "#0"}
			}
		},
		{
			"from": [2.7, 23.45, 6.95],
			"to": [3.8, 30.55, 9.05],
			"rotation": {"angle": -22.5, "axis": "z", "origin": [4.75, 23.5, 7]},
			"faces": {
				"north": {"uv": [2.5, 4.75, 2.75, 6.5], "texture": "#0"},
				"east": {"uv": [2, 4.75, 2.5, 6.5], "texture": "#0"},
				"south": {"uv": [3.25, 4.75, 3.5, 6.5], "texture": "#0"},
				"west": {"uv": [2.75, 4.75, 3.25, 6.5], "texture": "#0"},
				"up": {"uv": [2.75, 4.75, 2.5, 4.25], "texture": "#0"},
				"down": {"uv": [3, 4.25, 2.75, 4.75], "texture": "#0"}
			}
		},
		{
			"from": [3.25, 25.25, 7.5],
			"to": [4.25, 28.25, 8.5],
			"rotation": {"angle": 22.5, "axis": "z", "origin": [5.25, 25.25, 7.5]},
			"faces": {
				"north": {"uv": [7.25, 2.75, 7.5, 3.5], "texture": "#0"},
				"east": {"uv": [7, 2.75, 7.25, 3.5], "texture": "#0"},
				"south": {"uv": [7.75, 2.75, 8, 3.5], "texture": "#0"},
				"west": {"uv": [7.5, 2.75, 7.75, 3.5], "texture": "#0"},
				"up": {"uv": [7.5, 2.75, 7.25, 2.5], "texture": "#0"},
				"down": {"uv": [7.75, 2.5, 7.5, 2.75], "texture": "#0"}
			}
		},
		{
			"from": [4, 27.75, 7.5],
			"to": [5, 30.75, 8.5],
			"rotation": {"angle": 22.5, "axis": "z", "origin": [6, 27.75, 7.5]},
			"faces": {
				"north": {"uv": [7, 7, 7.25, 7.75], "texture": "#0"},
				"east": {"uv": [6.75, 7, 7, 7.75], "texture": "#0"},
				"south": {"uv": [7.5, 7, 7.75, 7.75], "texture": "#0"},
				"west": {"uv": [7.25, 7, 7.5, 7.75], "texture": "#0"},
				"up": {"uv": [7.25, 7, 7, 6.75], "texture": "#0"},
				"down": {"uv": [7.5, 6.75, 7.25, 7], "texture": "#0"}
			}
		},
		{
			"from": [3.8, 24.05, 7.05],
			"to": [4.7, 32, 8.95],
			"rotation": {"angle": -22.5, "axis": "z", "origin": [5.75, 24, 7]},
			"faces": {
				"north": {"uv": [2.5, 1.75, 2.75, 3.75], "texture": "#0"},
				"east": {"uv": [2, 1.75, 2.5, 3.75], "texture": "#0"},
				"south": {"uv": [3.25, 1.75, 3.5, 3.75], "texture": "#0"},
				"west": {"uv": [2.75, 1.75, 3.25, 3.75], "texture": "#0"},
				"up": {"uv": [2.75, 1.75, 2.5, 1.25], "texture": "#0"},
				"down": {"uv": [3, 1.25, 2.75, 1.75], "texture": "#0"}
			}
		},
		{
			"from": [7.85, 25.1, 7.35],
			"to": [9.15, 26.4, 8.65],
			"rotation": {"angle": 0, "axis": "y", "origin": [8, 25.25, 7.5]},
			"faces": {
				"north": {"uv": [1.75, 0.25, 2, 0.5], "texture": "#0"},
				"east": {"uv": [1.5, 0.25, 1.75, 0.5], "texture": "#0"},
				"south": {"uv": [2.25, 0.25, 2.5, 0.5], "texture": "#0"},
				"west": {"uv": [2, 0.25, 2.25, 0.5], "texture": "#0"},
				"up": {"uv": [2, 0.25, 1.75, 0], "texture": "#0"},
				"down": {"uv": [2.25, 0, 2, 0.25], "texture": "#0"}
			}
		},
		{
			"from": [9.5, 28.75, 9.5],
			"to": [6.5, 25.75, 6.5],
			"rotation": {"angle": -45, "axis": "z", "origin": [6.5, 25.75, 6.5]},
			"faces": {
				"north": {"uv": [8.25, 0.75, 9, 1.5], "texture": "#0"},
				"east": {"uv": [7.5, 0.75, 8.25, 1.5], "texture": "#0"},
				"south": {"uv": [9.75, 0.75, 10.5, 1.5], "texture": "#0"},
				"west": {"uv": [9, 0.75, 9.75, 1.5], "texture": "#0"},
				"up": {"uv": [9, 0.75, 8.25, 0], "texture": "#0"},
				"down": {"uv": [9.75, 0, 9, 0.75], "texture": "#0"}
			}
		}
	],
	"display": {
		"thirdperson_righthand": {
			"rotation": [0, 90, 0],
			"translation": [0, -4, 0.75],
			"scale": [0.5, 0.5, 0.5]
		},
		"thirdperson_lefthand": {
			"rotation": [0, 90, 0],
			"translation": [0, -4, 0.75],
			"scale": [0.5, 0.5, 0.5]
		},
		"firstperson_righthand": {
			"rotation": [1, 106, -8],
			"translation": [2, -3.25, 2],
			"scale": [0.7, 0.7, 0.7]
		},
		"firstperson_lefthand": {
			"rotation": [-12, -91, -8],
			"translation": [5.25, -4.5, -0.75],
			"scale": [0.8, 0.8, 0.8]
		},
		"ground": {
			"rotation": [-37, 44, 0],
			"translation": [1, 0, 1],
			"scale": [0.6, 0.6, 0.6]
		},
		"gui": {
			"rotation": [-35, -12, -49],
			"translation": [-3.75, -3.5, 0],
			"scale": [0.7, 0.7, 0.7]
		}
	}
}