{
	"credit": "Made with Blockbench",
	"texture_size": [64, 64],
	"textures": {
		"0": "item/weapon/dark_empire_heavy_sword",
		"particle": "item/weapon/dark_empire_heavy_sword"
	},
	"elements": [
		{
			"from": [7.4, -15.85, 7.4],
			"to": [8.6, -5.65, 8.6],
			"rotation": {"angle": 0, "axis": "y", "origin": [8.5, -15.75, 8.5]},
			"faces": {
				"north": {"uv": [8.5, 5.25, 8.75, 7.75], "texture": "#0"},
				"east": {"uv": [8.25, 5.25, 8.5, 7.75], "texture": "#0"},
				"south": {"uv": [9, 5.25, 9.25, 7.75], "texture": "#0"},
				"west": {"uv": [8.75, 5.25, 9, 7.75], "texture": "#0"},
				"up": {"uv": [8.75, 5.25, 8.5, 5], "texture": "#0"},
				"down": {"uv": [9, 5, 8.75, 5.25], "texture": "#0"}
			}
		},
		{
			"from": [7.5, -16, 7.5],
			"to": [8.5, -14, 8.5],
			"rotation": {"angle": -22.5, "axis": "z", "origin": [8, -16, 8]},
			"faces": {
				"north": {"uv": [5.75, 5.5, 6, 6], "texture": "#0"},
				"east": {"uv": [5.5, 5.5, 5.75, 6], "texture": "#0"},
				"south": {"uv": [6.25, 5.5, 6.5, 6], "texture": "#0"},
				"west": {"uv": [6, 5.5, 6.25, 6], "texture": "#0"},
				"up": {"uv": [6, 5.5, 5.75, 5.25], "texture": "#0"},
				"down": {"uv": [6.25, 5.25, 6, 5.5], "texture": "#0"}
			}
		},
		{
			"from": [7.5, -16, 7.5],
			"to": [8.5, -14, 8.5],
			"rotation": {"angle": 22.5, "axis": "z", "origin": [8, -16, 8]},
			"faces": {
				"north": {"uv": [4.25, 5.25, 4.5, 5.75], "texture": "#0"},
				"east": {"uv": [4, 5.25, 4.25, 5.75], "texture": "#0"},
				"south": {"uv": [4.75, 5.25, 5, 5.75], "texture": "#0"},
				"west": {"uv": [4.5, 5.25, 4.75, 5.75], "texture": "#0"},
				"up": {"uv": [4.5, 5.25, 4.25, 5], "texture": "#0"},
				"down": {"uv": [4.75, 5, 4.5, 5.25], "texture": "#0"}
			}
		},
		{
			"from": [7.5, -16, 7.5],
			"to": [8.5, -14, 8.5],
			"rotation": {"angle": 22.5, "axis": "x", "origin": [8, -16, 8]},
			"faces": {
				"north": {"uv": [4.25, 2.75, 4.5, 3.25], "texture": "#0"},
				"east": {"uv": [4, 2.75, 4.25, 3.25], "texture": "#0"},
				"south": {"uv": [4.75, 2.75, 5, 3.25], "texture": "#0"},
				"west": {"uv": [4.5, 2.75, 4.75, 3.25], "texture": "#0"},
				"up": {"uv": [4.5, 2.75, 4.25, 2.5], "texture": "#0"},
				"down": {"uv": [4.75, 2.5, 4.5, 2.75], "texture": "#0"}
			}
		},
		{
			"from": [7.5, -16, 7.5],
			"to": [8.5, -14, 8.5],
			"rotation": {"angle": -22.5, "axis": "x", "origin": [8, -16, 8]},
			"faces": {
				"north": {"uv": [4.25, 0.25, 4.5, 0.75], "texture": "#0"},
				"east": {"uv": [4, 0.25, 4.25, 0.75], "texture": "#0"},
				"south": {"uv": [4.75, 0.25, 5, 0.75], "texture": "#0"},
				"west": {"uv": [4.5, 0.25, 4.75, 0.75], "texture": "#0"},
				"up": {"uv": [4.5, 0.25, 4.25, 0], "texture": "#0"},
				"down": {"uv": [4.75, 0, 4.5, 0.25], "texture": "#0"}
			}
		},
		{
			"from": [7, -7, 6],
			"to": [9, -5, 10],
			"rotation": {"angle": 0, "axis": "y", "origin": [8, -7, 8]},
			"faces": {
				"north": {"uv": [4, 8, 4.5, 8.5], "texture": "#0"},
				"east": {"uv": [3, 8, 4, 8.5], "texture": "#0"},
				"south": {"uv": [5.5, 8, 6, 8.5], "texture": "#0"},
				"west": {"uv": [4.5, 8, 5.5, 8.5], "texture": "#0"},
				"up": {"uv": [4.5, 8, 4, 7], "texture": "#0"},
				"down": {"uv": [5, 7, 4.5, 8], "texture": "#0"}
			}
		},
		{
			"from": [7.37, -6.13, 5.37],
			"to": [8.63, 24.13, 10.63],
			"rotation": {"angle": 0, "axis": "y", "origin": [8.5, -6, 7.5]},
			"faces": {
				"north": {"uv": [1.25, 1.25, 1.5, 8.75], "texture": "#0"},
				"east": {"uv": [0, 1.25, 1.25, 8.75], "texture": "#0"},
				"south": {"uv": [2.75, 1.25, 3, 8.75], "texture": "#0"},
				"west": {"uv": [1.5, 1.25, 2.75, 8.75], "texture": "#0"},
				"up": {"uv": [1.5, 1.25, 1.25, 0], "texture": "#0"},
				"down": {"uv": [1.75, 0, 1.5, 1.25], "texture": "#0"}
			}
		},
		{
			"from": [7.36, -6.14, 7.36],
			"to": [8.64, 21.14, 8.64],
			"rotation": {"angle": 0, "axis": "y", "origin": [8.5, -6, 8]},
			"faces": {
				"north": {"uv": [3.25, 0.25, 3.5, 7], "texture": "#0"},
				"east": {"uv": [3, 0.25, 3.25, 7], "texture": "#0"},
				"south": {"uv": [3.75, 0.25, 4, 7], "texture": "#0"},
				"west": {"uv": [3.5, 0.25, 3.75, 7], "texture": "#0"},
				"up": {"uv": [3.5, 0.25, 3.25, 0], "texture": "#0"},
				"down": {"uv": [3.75, 0, 3.5, 0.25], "texture": "#0"}
			}
		},
		{
			"from": [7.5, 23, 11],
			"to": [8.5, 32, 13],
			"rotation": {"angle": -22.5, "axis": "x", "origin": [8.5, 23, 13]},
			"faces": {
				"north": {"uv": [8, 7.75, 8.25, 10], "texture": "#0"},
				"east": {"uv": [7.5, 7.75, 8, 10], "texture": "#0"},
				"south": {"uv": [8.75, 7.75, 9, 10], "texture": "#0"},
				"west": {"uv": [8.25, 7.75, 8.75, 10], "texture": "#0"},
				"up": {"uv": [8.25, 7.75, 8, 7.25], "texture": "#0"},
				"down": {"uv": [8.5, 7.25, 8.25, 7.75], "texture": "#0"}
			}
		},
		{
			"from": [7.4, 18.65, 7.4],
			"to": [8.6, 24.85, 11.6],
			"rotation": {"angle": -45, "axis": "x", "origin": [8.5, 18.75, 7.5]},
			"faces": {
				"north": {"uv": [5, 3.5, 5.25, 5], "texture": "#0"},
				"east": {"uv": [4, 3.5, 5, 5], "texture": "#0"},
				"south": {"uv": [6.25, 3.5, 6.5, 5], "texture": "#0"},
				"west": {"uv": [5.25, 3.5, 6.25, 5], "texture": "#0"},
				"up": {"uv": [5.25, 3.5, 5, 2.5], "texture": "#0"},
				"down": {"uv": [5.5, 2.5, 5.25, 3.5], "texture": "#0"}
			}
		},
		{
			"from": [7.45, 18.45, 5.7],
			"to": [8.55, 22.55, 9.8],
			"rotation": {"angle": -22.5, "axis": "x", "origin": [8.5, 18.5, 5.75]},
			"faces": {
				"north": {"uv": [6.5, 2.5, 6.75, 3.5], "texture": "#0"},
				"east": {"uv": [5.5, 2.5, 6.5, 3.5], "texture": "#0"},
				"south": {"uv": [7.75, 2.5, 8, 3.5], "texture": "#0"},
				"west": {"uv": [6.75, 2.5, 7.75, 3.5], "texture": "#0"},
				"up": {"uv": [6.75, 2.5, 6.5, 1.5], "texture": "#0"},
				"down": {"uv": [7, 1.5, 6.75, 2.5], "texture": "#0"}
			}
		},
		{
			"from": [7.4, 18.65, 4.4],
			"to": [8.6, 24.85, 8.6],
			"rotation": {"angle": 45, "axis": "x", "origin": [8.5, 18.75, 8.5]},
			"faces": {
				"north": {"uv": [5, 1, 5.25, 2.5], "texture": "#0"},
				"east": {"uv": [4, 1, 5, 2.5], "texture": "#0"},
				"south": {"uv": [6.25, 1, 6.5, 2.5], "texture": "#0"},
				"west": {"uv": [5.25, 1, 6.25, 2.5], "texture": "#0"},
				"up": {"uv": [5.25, 1, 5, 0], "texture": "#0"},
				"down": {"uv": [5.5, 0, 5.25, 1], "texture": "#0"}
			}
		},
		{
			"from": [7.45, 18.45, 6.2],
			"to": [8.55, 22.55, 10.3],
			"rotation": {"angle": 22.5, "axis": "x", "origin": [8.5, 18.5, 10.25]},
			"faces": {
				"north": {"uv": [5, 6, 5.25, 7], "texture": "#0"},
				"east": {"uv": [4, 6, 5, 7], "texture": "#0"},
				"south": {"uv": [6.25, 6, 6.5, 7], "texture": "#0"},
				"west": {"uv": [5.25, 6, 6.25, 7], "texture": "#0"},
				"up": {"uv": [5.25, 6, 5, 5], "texture": "#0"},
				"down": {"uv": [5.5, 5, 5.25, 6], "texture": "#0"}
			}
		},
		{
			"from": [7.5, 23, 3],
			"to": [8.5, 32, 5],
			"rotation": {"angle": 22.5, "axis": "x", "origin": [8.5, 23, 3]},
			"faces": {
				"north": {"uv": [6.5, 7.75, 6.75, 10], "texture": "#0"},
				"east": {"uv": [6, 7.75, 6.5, 10], "texture": "#0"},
				"south": {"uv": [7.25, 7.75, 7.5, 10], "texture": "#0"},
				"west": {"uv": [6.75, 7.75, 7.25, 10], "texture": "#0"},
				"up": {"uv": [6.75, 7.75, 6.5, 7.25], "texture": "#0"},
				"down": {"uv": [7, 7.25, 6.75, 7.75], "texture": "#0"}
			}
		},
		{
			"from": [7.3, -6.2, 3.8],
			"to": [8.7, -4.8, 7.2],
			"rotation": {"angle": 45, "axis": "x", "origin": [8, -5, 7]},
			"faces": {
				"north": {"uv": [9.25, 2.25, 9.5, 2.5], "texture": "#0"},
				"east": {"uv": [8.5, 2.25, 9.25, 2.5], "texture": "#0"},
				"south": {"uv": [10.25, 2.25, 10.5, 2.5], "texture": "#0"},
				"west": {"uv": [9.5, 2.25, 10.25, 2.5], "texture": "#0"},
				"up": {"uv": [9.5, 2.25, 9.25, 1.5], "texture": "#0"},
				"down": {"uv": [9.75, 1.5, 9.5, 2.25], "texture": "#0"}
			}
		},
		{
			"from": [7.45, -6.05, 3.7],
			"to": [8.55, -4.95, 6.8],
			"rotation": {"angle": 22.5, "axis": "x", "origin": [8, -4, 6.75]},
			"faces": {
				"north": {"uv": [6.25, 0.75, 6.5, 1], "texture": "#0"},
				"east": {"uv": [5.5, 0.75, 6.25, 1], "texture": "#0"},
				"south": {"uv": [7.25, 0.75, 7.5, 1], "texture": "#0"},
				"west": {"uv": [6.5, 0.75, 7.25, 1], "texture": "#0"},
				"up": {"uv": [6.5, 0.75, 6.25, 0], "texture": "#0"},
				"down": {"uv": [6.75, 0, 6.5, 0.75], "texture": "#0"}
			}
		},
		{
			"from": [7.5, -7, 2],
			"to": [8.5, -6, 7],
			"rotation": {"angle": 22.5, "axis": "x", "origin": [8, -6, 7]},
			"faces": {
				"north": {"uv": [6.75, 5, 7, 5.25], "texture": "#0"},
				"east": {"uv": [5.5, 5, 6.75, 5.25], "texture": "#0"},
				"south": {"uv": [8.25, 5, 8.5, 5.25], "texture": "#0"},
				"west": {"uv": [7, 5, 8.25, 5.25], "texture": "#0"},
				"up": {"uv": [7, 5, 6.75, 3.75], "texture": "#0"},
				"down": {"uv": [7.25, 3.75, 7, 5], "texture": "#0"}
			}
		},
		{
			"from": [7.3, -6.2, 8.8],
			"to": [8.7, -4.8, 12.2],
			"rotation": {"angle": -45, "axis": "x", "origin": [8, -5, 9]},
			"faces": {
				"north": {"uv": [9, 0.75, 9.25, 1], "texture": "#0"},
				"east": {"uv": [8.25, 0.75, 9, 1], "texture": "#0"},
				"south": {"uv": [10, 0.75, 10.25, 1], "texture": "#0"},
				"west": {"uv": [9.25, 0.75, 10, 1], "texture": "#0"},
				"up": {"uv": [9.25, 0.75, 9, 0], "texture": "#0"},
				"down": {"uv": [9.5, 0, 9.25, 0.75], "texture": "#0"}
			}
		},
		{
			"from": [7.45, -6.05, 9.2],
			"to": [8.55, -4.95, 12.3],
			"rotation": {"angle": -22.5, "axis": "x", "origin": [8, -4, 9.25]},
			"faces": {
				"north": {"uv": [8, 4.5, 8.25, 4.75], "texture": "#0"},
				"east": {"uv": [7.25, 4.5, 8, 4.75], "texture": "#0"},
				"south": {"uv": [9, 4.5, 9.25, 4.75], "texture": "#0"},
				"west": {"uv": [8.25, 4.5, 9, 4.75], "texture": "#0"},
				"up": {"uv": [8.25, 4.5, 8, 3.75], "texture": "#0"},
				"down": {"uv": [8.5, 3.75, 8.25, 4.5], "texture": "#0"}
			}
		},
		{
			"from": [7.5, -7, 9],
			"to": [8.5, -6, 14],
			"rotation": {"angle": -22.5, "axis": "x", "origin": [8, -5, 9]},
			"faces": {
				"north": {"uv": [6.5, 7, 6.75, 7.25], "texture": "#0"},
				"east": {"uv": [5.25, 7, 6.5, 7.25], "texture": "#0"},
				"south": {"uv": [8, 7, 8.25, 7.25], "texture": "#0"},
				"west": {"uv": [6.75, 7, 8, 7.25], "texture": "#0"},
				"up": {"uv": [6.75, 7, 6.5, 5.75], "texture": "#0"},
				"down": {"uv": [7, 5.75, 6.75, 7], "texture": "#0"}
			}
		},
		{
			"from": [7.4, -3.85, 10.9],
			"to": [8.6, -2.65, 16.1],
			"rotation": {"angle": 22.5, "axis": "x", "origin": [8, -2.75, 11]},
			"faces": {
				"north": {"uv": [8, 3.5, 8.25, 3.75], "texture": "#0"},
				"east": {"uv": [6.75, 3.5, 8, 3.75], "texture": "#0"},
				"south": {"uv": [9.5, 3.5, 9.75, 3.75], "texture": "#0"},
				"west": {"uv": [8.25, 3.5, 9.5, 3.75], "texture": "#0"},
				"up": {"uv": [8.25, 3.5, 8, 2.25], "texture": "#0"},
				"down": {"uv": [8.5, 2.25, 8.25, 3.5], "texture": "#0"}
			}
		},
		{
			"from": [7.4, -7.1, 10.15],
			"to": [8.6, -3.9, 11.35],
			"rotation": {"angle": -22.5, "axis": "x", "origin": [8, -3, 11.25]},
			"faces": {
				"north": {"uv": [2, 0.25, 2.25, 1], "texture": "#0"},
				"east": {"uv": [1.75, 0.25, 2, 1], "texture": "#0"},
				"south": {"uv": [2.5, 0.25, 2.75, 1], "texture": "#0"},
				"west": {"uv": [2.25, 0.25, 2.5, 1], "texture": "#0"},
				"up": {"uv": [2.25, 0.25, 2, 0], "texture": "#0"},
				"down": {"uv": [2.5, 0, 2.25, 0.25], "texture": "#0"}
			}
		},
		{
			"from": [7.4, -3.85, -0.1],
			"to": [8.6, -2.65, 5.1],
			"rotation": {"angle": -22.5, "axis": "x", "origin": [8, -2.75, 5]},
			"faces": {
				"north": {"uv": [7.75, 1.25, 8, 1.5], "texture": "#0"},
				"east": {"uv": [6.5, 1.25, 7.75, 1.5], "texture": "#0"},
				"south": {"uv": [9.25, 1.25, 9.5, 1.5], "texture": "#0"},
				"west": {"uv": [8, 1.25, 9.25, 1.5], "texture": "#0"},
				"up": {"uv": [8, 1.25, 7.75, 0], "texture": "#0"},
				"down": {"uv": [8.25, 0, 8, 1.25], "texture": "#0"}
			}
		},
		{
			"from": [7.4, -7.35, 4.15],
			"to": [8.6, -4.15, 5.35],
			"rotation": {"angle": 22.5, "axis": "x", "origin": [8, -4.25, 5.25]},
			"faces": {
				"north": {"uv": [0.25, 0.25, 0.5, 1], "texture": "#0"},
				"east": {"uv": [0, 0.25, 0.25, 1], "texture": "#0"},
				"south": {"uv": [0.75, 0.25, 1, 1], "texture": "#0"},
				"west": {"uv": [0.5, 0.25, 0.75, 1], "texture": "#0"},
				"up": {"uv": [0.5, 0.25, 0.25, 0], "texture": "#0"},
				"down": {"uv": [0.75, 0, 0.5, 0.25], "texture": "#0"}
			}
		},
		{
			"from": [7.5, 26, 7.5],
			"to": [8.5, 27, 8.5],
			"rotation": {"angle": 0, "axis": "y", "origin": [8, 26.5, 8]},
			"faces": {
				"north": {"uv": [0.25, 9, 0.5, 9.25], "texture": "#0"},
				"east": {"uv": [0, 9, 0.25, 9.25], "texture": "#0"},
				"south": {"uv": [0.75, 9, 1, 9.25], "texture": "#0"},
				"west": {"uv": [0.5, 9, 0.75, 9.25], "texture": "#0"},
				"up": {"uv": [0.5, 9, 0.25, 8.75], "texture": "#0"},
				"down": {"uv": [0.75, 8.75, 0.5, 9], "texture": "#0"}
			}
		},
		{
			"from": [9, 27.5, 9],
			"to": [7, 25.5, 7],
			"rotation": {"angle": -45, "axis": "x", "origin": [8, 26.5, 8]},
			"faces": {
				"north": {"uv": [0.5, 9.75, 1, 10.25], "texture": "#0"},
				"east": {"uv": [0, 9.75, 0.5, 10.25], "texture": "#0"},
				"south": {"uv": [1.5, 9.75, 2, 10.25], "texture": "#0"},
				"west": {"uv": [1, 9.75, 1.5, 10.25], "texture": "#0"},
				"up": {"uv": [1, 9.75, 0.5, 9.25], "texture": "#0"},
				"down": {"uv": [1.5, 9.25, 1, 9.75], "texture": "#0"}
			}
		}
	],
	"display": {
		"thirdperson_righthand": {
			"translation": [0, 17.75, 0.75]
		},
		"thirdperson_lefthand": {
			"translation": [0, 17.75, 0.75]
		},
		"firstperson_righthand": {
			"translation": [1, 17.5, 0]
		},
		"firstperson_lefthand": {
			"translation": [1, 17.5, 0]
		},
		"ground": {
			"rotation": [14, 18, 20],
			"translation": [0.5, 8.75, 0.5],
			"scale": [0.7, 0.7, 0.7]
		},
		"gui": {
			"rotation": [48, 45, -73],
			"translation": [0, 0.25, 0],
			"scale": [0.46, 0.46, 0.46]
		}
	}
}