{
	"credit": "Made with Blockbench",
	"texture_size": [32, 32],
	"textures": {
		"0": "item/weapon/empire_wand_l",
		"particle": "item/weapon/empire_wand_l"
	},
	"elements": [
		{
			"from": [7, -2, 7],
			"to": [10, 0, 10],
			"rotation": {"angle": 0, "axis": "y", "origin": [9.5, 10.1375, 8.5]},
			"faces": {
				"north": {"uv": [2, 9, 3.5, 10], "texture": "#0"},
				"east": {"uv": [0.5, 9, 2, 10], "texture": "#0"},
				"south": {"uv": [5, 9, 6.5, 10], "texture": "#0"},
				"west": {"uv": [3.5, 9, 5, 10], "texture": "#0"},
				"up": {"uv": [3.5, 9, 2, 7.5], "texture": "#0"},
				"down": {"uv": [5, 7.5, 3.5, 9], "texture": "#0"}
			}
		},
		{
			"from": [8, -5, 8],
			"to": [9, -3, 9],
			"rotation": {"angle": 0, "axis": "y", "origin": [9.5, 10.1375, 8.5]},
			"faces": {
				"north": {"uv": [0.5, 10.5, 1, 11.5], "texture": "#0"},
				"east": {"uv": [0, 10.5, 0.5, 11.5], "texture": "#0"},
				"south": {"uv": [1.5, 10.5, 2, 11.5], "texture": "#0"},
				"west": {"uv": [1, 10.5, 1.5, 11.5], "texture": "#0"},
				"up": {"uv": [1, 10.5, 0.5, 10], "texture": "#0"},
				"down": {"uv": [1.5, 10, 1, 10.5], "texture": "#0"}
			}
		},
		{
			"from": [7.5, -3, 7.5],
			"to": [9.5, -1, 9.5],
			"rotation": {"angle": 0, "axis": "y", "origin": [9.5, 10.1375, 8.5]},
			"faces": {
				"north": {"uv": [3.5, 11, 4.5, 12], "texture": "#0"},
				"east": {"uv": [2.5, 11, 3.5, 12], "texture": "#0"},
				"south": {"uv": [5.5, 11, 6.5, 12], "texture": "#0"},
				"west": {"uv": [4.5, 11, 5.5, 12], "texture": "#0"},
				"up": {"uv": [4.5, 11, 3.5, 10], "texture": "#0"},
				"down": {"uv": [5.5, 10, 4.5, 11], "texture": "#0"}
			}
		},
		{
			"from": [7.4, -1.1, 7.4],
			"to": [9.6, 1.1, 9.6],
			"rotation": {"angle": 0, "axis": "y", "origin": [9.5, 10.1375, 8.5]},
			"faces": {
				"north": {"uv": [3.5, 11, 4.5, 12], "texture": "#0"},
				"east": {"uv": [2.5, 11, 3.5, 12], "texture": "#0"},
				"south": {"uv": [5.5, 11, 6.5, 12], "texture": "#0"},
				"west": {"uv": [4.5, 11, 5.5, 12], "texture": "#0"},
				"up": {"uv": [4.5, 11, 3.5, 10], "texture": "#0"},
				"down": {"uv": [5.5, 10, 4.5, 11], "texture": "#0"}
			}
		},
		{
			"from": [7, 8, 7],
			"to": [10, 10, 10],
			"rotation": {"angle": 0, "axis": "y", "origin": [9.5, 10.1375, 8.5]},
			"faces": {
				"north": {"uv": [7.5, 1.5, 9, 2.5], "texture": "#0"},
				"east": {"uv": [6, 1.5, 7.5, 2.5], "texture": "#0"},
				"south": {"uv": [10.5, 1.5, 12, 2.5], "texture": "#0"},
				"west": {"uv": [9, 1.5, 10.5, 2.5], "texture": "#0"},
				"up": {"uv": [9, 1.5, 7.5, 0], "texture": "#0"},
				"down": {"uv": [10.5, 0, 9, 1.5], "texture": "#0"}
			}
		},
		{
			"from": [7.5, -1, 7.5],
			"to": [9.5, 8, 9.5],
			"rotation": {"angle": 0, "axis": "y", "origin": [9.5, 10.1375, 8.5]},
			"faces": {
				"north": {"uv": [3, 1, 4, 5.5], "texture": "#0"},
				"east": {"uv": [2, 1, 3, 5.5], "texture": "#0"},
				"south": {"uv": [5, 1, 6, 5.5], "texture": "#0"},
				"west": {"uv": [4, 1, 5, 5.5], "texture": "#0"},
				"up": {"uv": [4, 1, 3, 0], "texture": "#0"},
				"down": {"uv": [5, 0, 4, 1], "texture": "#0"}
			}
		},
		{
			"from": [7.5, 10, 7.5],
			"to": [9.5, 17, 9.5],
			"rotation": {"angle": 0, "axis": "y", "origin": [9.5, 10.1375, 8.5]},
			"faces": {
				"north": {"uv": [6, 5.5, 7, 9], "texture": "#0"},
				"east": {"uv": [5, 5.5, 6, 9], "texture": "#0"},
				"south": {"uv": [8, 5.5, 9, 9], "texture": "#0"},
				"west": {"uv": [7, 5.5, 8, 9], "texture": "#0"},
				"up": {"uv": [7, 5.5, 6, 4.5], "texture": "#0"},
				"down": {"uv": [8, 4.5, 7, 5.5], "texture": "#0"}
			}
		},
		{
			"from": [7.8, 16.55, 7.8],
			"to": [9.2, 32, 9.2],
			"rotation": {"angle": 0, "axis": "y", "origin": [9.5, 10.1375, 8.5]},
			"faces": {
				"north": {"uv": [0.5, 0.5, 1, 8], "texture": "#0"},
				"east": {"uv": [0, 0.5, 0.5, 8], "texture": "#0"},
				"south": {"uv": [1.5, 0.5, 2, 8], "texture": "#0"},
				"west": {"uv": [1, 0.5, 1.5, 8], "texture": "#0"},
				"up": {"uv": [1, 0.5, 0.5, 0], "texture": "#0"},
				"down": {"uv": [1.5, 0, 1, 0.5], "texture": "#0"}
			}
		},
		{
			"from": [11, 12, 11],
			"to": [6, 7, 6],
			"rotation": {"angle": 0, "axis": "y", "origin": [9.5, 10.1375, 8.5]},
			"faces": {
				"north": {"uv": [8.5, 13.5, 11, 16], "texture": "#0"},
				"east": {"uv": [6, 13.5, 8.5, 16], "texture": "#0"},
				"south": {"uv": [13.5, 13.5, 16, 16], "texture": "#0"},
				"west": {"uv": [11, 13.5, 13.5, 16], "texture": "#0"},
				"up": {"uv": [11, 13.5, 8.5, 11], "texture": "#0"},
				"down": {"uv": [13.5, 11, 11, 13.5], "texture": "#0"}
			}
		}
	],
	"display": {
		"thirdperson_righthand": {
			"rotation": [-9, 135, 7],
			"translation": [0, 1.25, 0.75],
			"scale": [0.6, 0.6, 0.6]
		},
		"thirdperson_lefthand": {
			"rotation": [-9, 50, -7],
			"translation": [0, 1.5, 0.75],
			"scale": [0.6, 0.6, 0.6]
		},
		"firstperson_righthand": {
			"rotation": [-9, 135, 7],
			"translation": [2, 0.5, 1],
			"scale": [0.6, 0.6, 0.6]
		},
		"firstperson_lefthand": {
			"rotation": [-9, 135, 7],
			"translation": [2, 0.5, 1],
			"scale": [0.6, 0.6, 0.6]
		},
		"ground": {
			"rotation": [23, 121, 10],
			"translation": [0, 3, 0],
			"scale": [0.4, 0.4, 0.4]
		},
		"gui": {
			"rotation": [-42, -37, -60],
			"translation": [-2.25, -2.25, 0],
			"scale": [0.6, 0.6, 0.6]
		}
	},
	"groups": [
		{
			"name": "group",
			"origin": [6, 7, 6],
			"color": 0,
			"children": [0, 1, 2, 3, 4, 5, 6, 7, 8]
		}
	]
}