{
  "parent": "minecraft:item/handheld",
  "textures": {
    "layer0": "minecraft:item/weapon/empire_sword"
  },
  "display": {
      "thirdperson_righthand": {
          "rotation": [ -80, 260, -40 ],
          "translation": [ -1, 6.5, 2.5 ],
          "scale": [ 1.8, 1.8, 1.1 ]
      },
      "thirdperson_lefthand": {
          "rotation": [ -80, -280, 40 ],
          "translation": [ -1, 6.5, 2.5 ],
          "scale": [ 1.8, 1.8, 1.1 ]
      },
      "firstperson_righthand": {
          "rotation": [ 0, -90, 25 ],
          "translation": [ 1.13, 3.8, 1.13],
          "scale": [ 1.1, 1.1, 1.1 ]
      },
      "firstperson_lefthand": {
          "rotation": [ 0, 90, -25 ],
          "translation": [ 1.13, 3.8, 1.13],
          "scale": [ 1.1, 1.1, 1.1 ]
      },
      "ground": {
			"rotation": [-16, -3, 51],
			"scale": [0.5, 0.5, 0.5]
      },
      "gui": {
        "rotation": [0, 0, 0],
        "translation": [0, 0, 0],
        "scale": [1.3, 1.3, 1.3]
      }
  }
}