{
	"credit": "Made with Blockbench",
	"textures": {
		"0": "minecraft:item/weapon/empire_wand",
		"particle": "minecraft:item/weapon/empire_wand"
	},
	"elements": [
		{
			"from": [7, 0, 7],
			"to": [9, 5, 9],
			"faces": {
				"north": {"uv": [6, 0, 8, 5], "texture": "#0"},
				"east": {"uv": [6, 0, 8, 5], "texture": "#0"},
				"south": {"uv": [6, 0, 8, 5], "texture": "#0"},
				"west": {"uv": [6, 0, 8, 5], "texture": "#0"},
				"up": {"uv": [10, 2, 8, 0], "texture": "#0"},
				"down": {"uv": [10, 2, 8, 4], "texture": "#0"}
			}
		},
		{
			"from": [7, -5, 7],
			"to": [9, 0, 9],
			"faces": {
				"north": {"uv": [6, 0, 8, 5], "texture": "#0"},
				"east": {"uv": [6, 0, 8, 5], "texture": "#0"},
				"south": {"uv": [6, 0, 8, 5], "texture": "#0"},
				"west": {"uv": [6, 0, 8, 5], "texture": "#0"},
				"up": {"uv": [10, 2, 8, 0], "texture": "#0"},
				"down": {"uv": [10, 2, 8, 4], "texture": "#0"}
			}
		},
		{
			"from": [7.5, 5, 7.5],
			"to": [8.5, 18, 8.5],
			"faces": {
				"north": {"uv": [0, 0, 1, 14], "texture": "#0"},
				"east": {"uv": [1, 0, 2, 14], "texture": "#0"},
				"south": {"uv": [2, 0, 3, 14], "texture": "#0"},
				"west": {"uv": [3, 0, 4, 14], "texture": "#0"},
				"up": {"uv": [9, 5, 8, 4], "texture": "#0"},
				"down": {"uv": [9, 5, 8, 6], "texture": "#0"}
			}
		}
	],
	"display": {
		"thirdperson_righthand": {
			"translation": [0, 5.75, 2]
		},
		"thirdperson_lefthand": {
			"translation": [0, 5.75, 2]
		},
		"firstperson_righthand": {
			"rotation": [-23, 0, 0],
			"translation": [0, 5.75, 0]
		},
		"firstperson_lefthand": {
			"rotation": [-23, 0, 0],
			"translation": [0, 5.75, 0]
		},
		"gui": {
			"rotation": [0, 0, -45]
		},
		"fixed": {
			"rotation": [0, 0, 45]
		}
	}
}