{
	"credit": "Made with Blockbench",
	"texture_size": [32, 32],
	"textures": {
		"0": "item/weapon/magic_wand",
		"particle": "item/weapon/magic_wand"
	},
	"elements": [
		{
			"from": [7, -5, 7],
			"to": [9, 27, 9],
			"faces": {
				"north": {"uv": [9, 0, 10, 16], "texture": "#0"},
				"east": {"uv": [9, 0, 10, 16], "texture": "#0"},
				"south": {"uv": [9, 0, 10, 16], "texture": "#0"},
				"west": {"uv": [9, 0, 10, 16], "texture": "#0"},
				"up": {"uv": [13, 5, 12, 4], "texture": "#0"},
				"down": {"uv": [13, 5, 12, 6], "texture": "#0"}
			}
		},
		{
			"from": [6, -5, 6],
			"to": [10, 27, 10],
			"faces": {
				"north": {"uv": [4, 0, 6, 16], "texture": "#0"},
				"east": {"uv": [4, 0, 6, 16], "texture": "#0"},
				"south": {"uv": [4, 0, 6, 16], "texture": "#0"},
				"west": {"uv": [4, 0, 6, 16], "texture": "#0"},
				"up": {"uv": [14, 2, 12, 0], "texture": "#0"},
				"down": {"uv": [14, 2, 12, 4], "texture": "#0"}
			}
		}
	],
	"display": {
		"ground": {
			"rotation": [-16, -3, 51],
			"scale": [0.5, 0.5, 0.5]
		},
		"gui": {
			"rotation": [0, -40, 50],
			"translation": [1.25, -1.25, 0],
			"scale": [0.7, 0.7, 0.7]
		}
	}
}