{
  "parent": "minecraft:block/carved_pumpkin",
  "overrides": [
    {"predicate": {"custom_model_data": 1},"model": "item/hats/helmet_of_miner"},
    {"predicate": {"custom_model_data": 2},"model": "item/hats/flame_wizard_hat"},
    {"predicate": {"custom_model_data": 3},"model": "item/hats/water_wizard_hat"},
    {"predicate": {"custom_model_data": 4},"model": "item/hats/earth_wizard_hat"},
    {"predicate": {"custom_model_data": 5},"model": "item/hats/wood_wizard_hat"},
    {"predicate": {"custom_model_data": 999},"model": "item/characters/wooden_stake"}
  ]
}