{
  "parent": "minecraft:item/generated",
  "textures": {
    "layer0": "minecraft:item/coal"
  },
  "overrides": [
    {"predicate": {"custom_model_data": 1},"model": "item/characters/tutor"},
    {"predicate": {"custom_model_data": 4},"model": "item/characters/tokesor"},
    {"predicate": {"custom_model_data": 999},"model": "item/direction_arrow"},
    {"predicate": {"custom_model_data": 999},"model": "item/direction_arrow"},
    {"predicate": {"custom_model_data": 999},"model": "item/direction_arrow"}
  ]
}