{
  "parent": "minecraft:item/generated",
  "textures": {
    "layer0": "minecraft:item/ender_eye"
  },
  "overrides": [
    {"predicate": {"custom_model_data": 181001},"model": "item/elements/empty_element"},
    {"predicate": {"custom_model_data": 181002},"model": "item/elements/flame_element"},
    {"predicate": {"custom_model_data": 181003},"model": "item/elements/water_element"},
    {"predicate": {"custom_model_data": 181004},"model": "item/elements/wood_element"},
    {"predicate": {"custom_model_data": 181005},"model": "item/elements/earth_element"},
    {"predicate": {"custom_model_data": 181006},"model": "item/elements/wind_element"}
  ]
}